{"type": "FeatureCollection", "features": [{"type": "Feature", "properties": {"featurecla": "Admin-0 country", "scalerank": 1, "LABELRANK": 2, "SOVEREIGNT": "United States of America", "SOV_A3": "US1", "ADM0_DIF": 1, "LEVEL": 2, "TYPE": "Country", "TLC": "1", "ADMIN": "United States of America", "ADM0_A3": "USA", "GEOU_DIF": 0, "GEOUNIT": "United States of America", "GU_A3": "USA", "SU_DIF": 0, "SUBUNIT": "United States", "SU_A3": "USA", "BRK_DIFF": 0, "NAME": "United States of America", "NAME_LONG": "United States", "BRK_A3": "USA", "BRK_NAME": "United States", "BRK_GROUP": null, "ABBREV": "U.S.A.", "POSTAL": "US", "FORMAL_EN": "United States of America", "FORMAL_FR": null, "NAME_CIAWF": "United States", "NOTE_ADM0": null, "NOTE_BRK": null, "NAME_SORT": "United States of America", "NAME_ALT": null, "MAPCOLOR7": 4, "MAPCOLOR8": 5, "MAPCOLOR9": 1, "MAPCOLOR13": 1, "POP_EST": 328239523, "POP_RANK": 17, "POP_YEAR": 2019, "GDP_MD": 21433226, "GDP_YEAR": 2019, "ECONOMY": "1. Developed region: G7", "INCOME_GRP": "1. High income: OECD", "FIPS_10": "US", "ISO_A2": "US", "ISO_A2_EH": "US", "ISO_A3": "USA", "ISO_A3_EH": "USA", "ISO_N3": "840", "ISO_N3_EH": "840", "UN_A3": "840", "WB_A2": "US", "WB_A3": "USA", "WOE_ID": 23424977, "WOE_ID_EH": 23424977, "WOE_NOTE": "Exact WOE match as country", "ADM0_ISO": "USA", "ADM0_DIFF": null, "ADM0_TLC": "USA", "ADM0_A3_US": "USA", "ADM0_A3_FR": "USA", "ADM0_A3_RU": "USA", "ADM0_A3_ES": "USA", "ADM0_A3_CN": "USA", "ADM0_A3_TW": "USA", "ADM0_A3_IN": "USA", "ADM0_A3_NP": "USA", "ADM0_A3_PK": "USA", "ADM0_A3_DE": "USA", "ADM0_A3_GB": "USA", "ADM0_A3_BR": "USA", "ADM0_A3_IL": "USA", "ADM0_A3_PS": "USA", "ADM0_A3_SA": "USA", "ADM0_A3_EG": "USA", "ADM0_A3_MA": "USA", "ADM0_A3_PT": "USA", "ADM0_A3_AR": "USA", "ADM0_A3_JP": "USA", "ADM0_A3_KO": "USA", "ADM0_A3_VN": "USA", "ADM0_A3_TR": "USA", "ADM0_A3_ID": "USA", "ADM0_A3_PL": "USA", "ADM0_A3_GR": "USA", "ADM0_A3_IT": "USA", "ADM0_A3_NL": "USA", "ADM0_A3_SE": "USA", "ADM0_A3_BD": "USA", "ADM0_A3_UA": "USA", "ADM0_A3_UN": -99, "ADM0_A3_WB": -99, "CONTINENT": "North America", "REGION_UN": "Americas", "SUBREGION": "Northern America", "REGION_WB": "North America", "NAME_LEN": 24, "LONG_LEN": 13, "ABBREV_LEN": 6, "TINY": -99, "HOMEPART": 1, "MIN_ZOOM": 0, "MIN_LABEL": 1.7, "MAX_LABEL": 5.7, "LABEL_X": -97.482602, "LABEL_Y": 39.538479, "NE_ID": 1159321369, "WIKIDATAID": "Q30", "NAME_AR": "\u0627\u0644\u0648\u0644\u0627\u064a\u0627\u062a \u0627\u0644\u0645\u062a\u062d\u062f\u0629", "NAME_BN": "\u09ae\u09be\u09b0\u09cd\u0995\u09bf\u09a8 \u09af\u09c1\u0995\u09cd\u09a4\u09b0\u09be\u09b7\u09cd\u099f\u09cd\u09b0", "NAME_DE": "Vereinigte Staaten", "NAME_EN": "United States of America", "NAME_ES": "Estados Unidos", "NAME_FA": "\u0627\u06cc\u0627\u0644\u0627\u062a \u0645\u062a\u062d\u062f\u0647 \u0622\u0645\u0631\u06cc\u06a9\u0627", "NAME_FR": "\u00c9tats-Unis", "NAME_EL": "\u0397\u03bd\u03c9\u03bc\u03ad\u03bd\u03b5\u03c2 \u03a0\u03bf\u03bb\u03b9\u03c4\u03b5\u03af\u03b5\u03c2 \u0391\u03bc\u03b5\u03c1\u03b9\u03ba\u03ae\u03c2", "NAME_HE": "\u05d0\u05e8\u05e6\u05d5\u05ea \u05d4\u05d1\u05e8\u05d9\u05ea", "NAME_HI": "\u0938\u0902\u092f\u0941\u0915\u094d\u0924 \u0930\u093e\u091c\u094d\u092f \u0905\u092e\u0947\u0930\u093f\u0915\u093e", "NAME_HU": "Amerikai Egyes\u00fclt \u00c1llamok", "NAME_ID": "Amerika Serikat", "NAME_IT": "Stati Uniti d'America", "NAME_JA": "\u30a2\u30e1\u30ea\u30ab\u5408\u8846\u56fd", "NAME_KO": "\ubbf8\uad6d", "NAME_NL": "Verenigde Staten van Amerika", "NAME_PL": "Stany Zjednoczone", "NAME_PT": "Estados Unidos", "NAME_RU": "\u0421\u0428\u0410", "NAME_SV": "USA", "NAME_TR": "Amerika Birle\u015fik Devletleri", "NAME_UK": "\u0421\u043f\u043e\u043b\u0443\u0447\u0435\u043d\u0456 \u0428\u0442\u0430\u0442\u0438 \u0410\u043c\u0435\u0440\u0438\u043a\u0438", "NAME_UR": "\u0631\u06cc\u0627\u0633\u062a\u06c1\u0627\u0626\u06d2 \u0645\u062a\u062d\u062f\u06c1 \u0627\u0645\u0631\u06cc\u06a9\u0627", "NAME_VI": "Hoa K\u1ef3", "NAME_ZH": "\u7f8e\u56fd", "NAME_ZHT": "\u7f8e\u570b", "FCLASS_ISO": "Admin-0 country", "TLC_DIFF": null, "FCLASS_TLC": "Admin-0 country", "FCLASS_US": null, "FCLASS_FR": null, "FCLASS_RU": null, "FCLASS_ES": null, "FCLASS_CN": null, "FCLASS_TW": null, "FCLASS_IN": null, "FCLASS_NP": null, "FCLASS_PK": null, "FCLASS_DE": null, "FCLASS_GB": null, "FCLASS_BR": null, "FCLASS_IL": null, "FCLASS_PS": null, "FCLASS_SA": null, "FCLASS_EG": null, "FCLASS_MA": null, "FCLASS_PT": null, "FCLASS_AR": null, "FCLASS_JP": null, "FCLASS_KO": null, "FCLASS_VN": null, "FCLASS_TR": null, "FCLASS_ID": null, "FCLASS_PL": null, "FCLASS_GR": null, "FCLASS_IT": null, "FCLASS_NL": null, "FCLASS_SE": null, "FCLASS_BD": null, "FCLASS_UA": null}, "bbox": [-171.791111, 18.91619, -66.96466, 71.357764], "geometry": {"type": "MultiPolygon", "coordinates": [[[[-122.84, 49], [-120, 49], [-117.03121, 49], [-116.04818, 49], [-113, 49], [-110.05, 49], [-107.05, 49], [-104.04826, 48.99986], [-100.65, 49], [-97.22872, 49.0007], [-95.15907, 49], [-95.15609, 49.38425], [-94.81758, 49.38905], [-94.64, 48.84], [-94.32914, 48.67074], [-93.63087, 48.60926], [-92.61, 48.45], [-91.64, 48.14], [-90.83, 48.27], [-89.6, 48.01], [-89.272917, 48.019808], [-88.378114, 48.302918], [-87.439793, 47.94], [-86.461991, 47.553338], [-85.652363, 47.220219], [-84.87608, 46.900083], [-84.779238, 46.637102], [-84.543749, 46.538684], [-84.6049, 46.4396], [-84.3367, 46.40877], [-84.14212, 46.512226], [-84.091851, 46.275419], [-83.890765, 46.116927], [-83.616131, 46.116927], [-83.469551, 45.994686], [-83.592851, 45.816894], [-82.550925, 45.347517], [-82.337763, 44.44], [-82.137642, 43.571088], [-82.43, 42.98], [-82.9, 42.43], [-83.12, 42.08], [-83.142, 41.975681], [-83.02981, 41.832796], [-82.690089, 41.675105], [-82.439278, 41.675105], [-81.277747, 42.209026], [-80.247448, 42.3662], [-78.939362, 42.863611], [-78.92, 42.965], [-79.01, 43.27], [-79.171674, 43.466339], [-78.72028, 43.625089], [-77.737885, 43.629056], [-76.820034, 43.628784], [-76.5, 44.018459], [-76.375, 44.09631], [-75.31821, 44.81645], [-74.867, 45.00048], [-73.34783, 45.00738], [-71.50506, 45.0082], [-71.405, 45.255], [-71.08482, 45.30524], [-70.66, 45.46], [-70.305, 45.915], [-69.99997, 46.69307], [-69.237216, 47.447781], [-68.905, 47.185], [-68.23444, 47.35486], [-67.79046, 47.06636], [-67.79134, 45.70281], [-67.13741, 45.13753], [-66.96466, 44.8097], [-68.03252, 44.3252], [-69.06, 43.98], [-70.11617, 43.68405], [-70.645476, 43.090238], [-70.81489, 42.8653], [-70.825, 42.335], [-70.495, 41.805], [-70.08, 41.78], [-70.185, 42.145], [-69.88497, 41.92283], [-69.96503, 41.63717], [-70.64, 41.475], [-71.12039, 41.49445], [-71.86, 41.32], [-72.295, 41.27], [-72.87643, 41.22065], [-73.71, 40.931102], [-72.24126, 41.11948], [-71.945, 40.93], [-73.345, 40.63], [-73.982, 40.628], [-73.952325, 40.75075], [-74.25671, 40.47351], [-73.96244, 40.42763], [-74.17838, 39.70926], [-74.90604, 38.93954], [-74.98041, 39.1964], [-75.20002, 39.24845], [-75.52805, 39.4985], [-75.32, 38.96], [-75.071835, 38.782032], [-75.05673, 38.40412], [-75.37747, 38.01551], [-75.94023, 37.21689], [-76.03127, 37.2566], [-75.72205, 37.93705], [-76.23287, 38.319215], [-76.35, 39.15], [-76.542725, 38.717615], [-76.32933, 38.08326], [-76.989998, 38.239992], [-76.30162, 37.917945], [-76.25874, 36.9664], [-75.9718, 36.89726], [-75.86804, 36.55125], [-75.72749, 35.55074], [-76.36318, 34.80854], [-77.397635, 34.51201], [-78.05496, 33.92547], [-78.55435, 33.86133], [-79.06067, 33.49395], [-79.20357, 33.15839], [-80.301325, 32.509355], [-80.86498, 32.0333], [-81.33629, 31.44049], [-81.49042, 30.72999], [-81.31371, 30.03552], [-80.98, 29.18], [-80.535585, 28.47213], [-80.53, 28.04], [-80.056539, 26.88], [-80.088015, 26.205765], [-80.13156, 25.816775], [-80.38103, 25.20616], [-80.68, 25.08], [-81.17213, 25.20126], [-81.33, 25.64], [-81.71, 25.87], [-82.24, 26.73], [-82.70515, 27.49504], [-82.85526, 27.88624], [-82.65, 28.55], [-82.93, 29.1], [-83.70959, 29.93656], [-84.1, 30.09], [-85.10882, 29.63615], [-85.28784, 29.68612], [-85.7731, 30.15261], [-86.4, 30.4], [-87.53036, 30.27433], [-88.41782, 30.3849], [-89.18049, 30.31598], [-89.593831, 30.159994], [-89.413735, 29.89419], [-89.43, 29.48864], [-89.21767, 29.29108], [-89.40823, 29.15961], [-89.77928, 29.30714], [-90.15463, 29.11743], [-90.880225, 29.148535], [-91.626785, 29.677], [-92.49906, 29.5523], [-93.22637, 29.78375], [-93.84842, 29.71363], [-94.69, 29.48], [-95.60026, 28.73863], [-96.59404, 28.30748], [-97.14, 27.83], [-97.37, 27.38], [-97.38, 26.69], [-97.33, 26.21], [-97.14, 25.87], [-97.53, 25.84], [-98.24, 26.06], [-99.02, 26.37], [-99.3, 26.84], [-99.52, 27.54], [-100.11, 28.11], [-100.45584, 28.69612], [-100.9576, 29.38071], [-101.6624, 29.7793], [-102.48, 29.76], [-103.11, 28.97], [-103.94, 29.27], [-104.45697, 29.57196], [-104.70575, 30.12173], [-105.03737, 30.64402], [-105.63159, 31.08383], [-106.1429, 31.39995], [-106.50759, 31.75452], [-108.24, 31.754854], [-108.24194, 31.34222], [-109.035, 31.34194], [-111.02361, 31.33472], [-113.30498, 32.03914], [-114.815, 32.52528], [-114.72139, 32.72083], [-115.99135, 32.61239], [-117.12776, 32.53534], [-117.295938, 33.046225], [-117.944, 33.621236], [-118.410602, 33.740909], [-118.519895, 34.027782], [-119.081, 34.078], [-119.438841, 34.348477], [-120.36778, 34.44711], [-120.62286, 34.60855], [-120.74433, 35.15686], [-121.71457, 36.16153], [-122.54747, 37.55176], [-122.51201, 37.78339], [-122.95319, 38.11371], [-123.7272, 38.95166], [-123.86517, 39.76699], [-124.39807, 40.3132], [-124.17886, 41.14202], [-124.2137, 41.99964], [-124.53284, 42.76599], [-124.14214, 43.70838], [-124.020535, 44.615895], [-123.89893, 45.52341], [-124.079635, 46.86475], [-124.39567, 47.72017], [-124.68721, 48.184433], [-124.566101, 48.379715], [-123.12, 48.04], [-122.58736, 47.096], [-122.34, 47.36], [-122.5, 48.18], [-122.84, 49]]], [[[-155.40214, 20.07975], [-155.22452, 19.99302], [-155.06226, 19.8591], [-154.80741, 19.50871], [-154.83147, 19.45328], [-155.22217, 19.23972], [-155.54211, 19.08348], [-155.68817, 18.91619], [-155.93665, 19.05939], [-155.90806, 19.33888], [-156.07347, 19.70294], [-156.02368, 19.81422], [-155.85008, 19.97729], [-155.91907, 20.17395], [-155.86108, 20.26721], [-155.78505, 20.2487], [-155.40214, 20.07975]]], [[[-155.99566, 20.76404], [-156.07926, 20.64397], [-156.41445, 20.57241], [-156.58673, 20.783], [-156.70167, 20.8643], [-156.71055, 20.92676], [-156.61258, 21.01249], [-156.25711, 20.91745], [-155.99566, 20.76404]]], [[[-156.75824, 21.17684], [-156.78933, 21.06873], [-157.32521, 21.09777], [-157.25027, 21.21958], [-156.75824, 21.17684]]], [[[-158.0252, 21.71696], [-157.94161, 21.65272], [-157.65283, 21.32217], [-157.70703, 21.26442], [-157.7786, 21.27729], [-158.12667, 21.31244], [-158.2538, 21.53919], [-158.29265, 21.57912], [-158.0252, 21.71696]]], [[[-159.36569, 22.21494], [-159.34512, 21.982], [-159.46372, 21.88299], [-159.80051, 22.06533], [-159.74877, 22.1382], [-159.5962, 22.23618], [-159.36569, 22.21494]]], [[[-166.467792, 60.38417], [-165.67443, 60.293607], [-165.579164, 59.909987], [-166.19277, 59.754441], [-166.848337, 59.941406], [-167.455277, 60.213069], [-166.467792, 60.38417]]], [[[-153.228729, 57.968968], [-152.564791, 57.901427], [-152.141147, 57.591059], [-153.006314, 57.115842], [-154.00509, 56.734677], [-154.516403, 56.992749], [-154.670993, 57.461196], [-153.76278, 57.816575], [-153.228729, 57.968968]]], [[[-140.985988, 69.711998], [-140.986, 69.712], [-140.9925, 66.00003], [-140.99778, 60.30639], [-140.013, 60.27682], [-139.039, 60], [-138.34089, 59.56211], [-137.4525, 58.905], [-136.47972, 59.46389], [-135.47583, 59.78778], [-134.945, 59.27056], [-134.27111, 58.86111], [-133.35556, 58.41028], [-132.73042, 57.69289], [-131.70781, 56.55212], [-130.00778, 55.91583], [-129.98, 55.285], [-130.53611, 54.80278], [-130.536109, 54.802754], [-130.53611, 54.802753], [-131.085818, 55.178906], [-131.967211, 55.497776], [-132.250011, 56.369996], [-133.539181, 57.178887], [-134.078063, 58.123068], [-135.038211, 58.187715], [-136.628062, 58.212209], [-137.800006, 58.499995], [-139.867787, 59.537762], [-140.825274, 59.727517], [-142.574444, 60.084447], [-143.958881, 59.99918], [-145.925557, 60.45861], [-147.114374, 60.884656], [-148.224306, 60.672989], [-148.018066, 59.978329], [-148.570823, 59.914173], [-149.727858, 59.705658], [-150.608243, 59.368211], [-151.716393, 59.155821], [-151.859433, 59.744984], [-151.409719, 60.725803], [-150.346941, 61.033588], [-150.621111, 61.284425], [-151.895839, 60.727198], [-152.57833, 60.061657], [-154.019172, 59.350279], [-153.287511, 58.864728], [-154.232492, 58.146374], [-155.307491, 57.727795], [-156.308335, 57.422774], [-156.556097, 56.979985], [-158.117217, 56.463608], [-158.433321, 55.994154], [-159.603327, 55.566686], [-160.28972, 55.643581], [-161.223048, 55.364735], [-162.237766, 55.024187], [-163.069447, 54.689737], [-164.785569, 54.404173], [-164.942226, 54.572225], [-163.84834, 55.039431], [-162.870001, 55.348043], [-161.804175, 55.894986], [-160.563605, 56.008055], [-160.07056, 56.418055], [-158.684443, 57.016675], [-158.461097, 57.216921], [-157.72277, 57.570001], [-157.550274, 58.328326], [-157.041675, 58.918885], [-158.194731, 58.615802], [-158.517218, 58.787781], [-159.058606, 58.424186], [-159.711667, 58.93139], [-159.981289, 58.572549], [-160.355271, 59.071123], [-161.355003, 58.670838], [-161.968894, 58.671665], [-162.054987, 59.266925], [-161.874171, 59.633621], [-162.518059, 59.989724], [-163.818341, 59.798056], [-164.662218, 60.267484], [-165.346388, 60.507496], [-165.350832, 61.073895], [-166.121379, 61.500019], [-165.734452, 62.074997], [-164.919179, 62.633076], [-164.562508, 63.146378], [-163.753332, 63.219449], [-163.067224, 63.059459], [-162.260555, 63.541936], [-161.53445, 63.455817], [-160.772507, 63.766108], [-160.958335, 64.222799], [-161.518068, 64.402788], [-160.777778, 64.788604], [-161.391926, 64.777235], [-162.45305, 64.559445], [-162.757786, 64.338605], [-163.546394, 64.55916], [-164.96083, 64.446945], [-166.425288, 64.686672], [-166.845004, 65.088896], [-168.11056, 65.669997], [-166.705271, 66.088318], [-164.47471, 66.57666], [-163.652512, 66.57666], [-163.788602, 66.077207], [-161.677774, 66.11612], [-162.489715, 66.735565], [-163.719717, 67.116395], [-164.430991, 67.616338], [-165.390287, 68.042772], [-166.764441, 68.358877], [-166.204707, 68.883031], [-164.430811, 68.915535], [-163.168614, 69.371115], [-162.930566, 69.858062], [-161.908897, 70.33333], [-160.934797, 70.44769], [-159.039176, 70.891642], [-158.119723, 70.824721], [-156.580825, 71.357764], [-155.06779, 71.147776], [-154.344165, 70.696409], [-153.900006, 70.889989], [-152.210006, 70.829992], [-152.270002, 70.600006], [-150.739992, 70.430017], [-149.720003, 70.53001], [-147.613362, 70.214035], [-145.68999, 70.12001], [-144.920011, 69.989992], [-143.589446, 70.152514], [-142.07251, 69.851938], [-140.985988, 69.711998], [-140.985988, 69.711998]]], [[[-171.731657, 63.782515], [-171.114434, 63.592191], [-170.491112, 63.694975], [-169.682505, 63.431116], [-168.689439, 63.297506], [-168.771941, 63.188598], [-169.52944, 62.976931], [-170.290556, 63.194438], [-170.671386, 63.375822], [-171.553063, 63.317789], [-171.791111, 63.405846], [-171.731657, 63.782515]]]]}}, {"type": "Feature", "properties": {"featurecla": "Admin-0 country", "scalerank": 1, "LABELRANK": 2, "SOVEREIGNT": "Argentina", "SOV_A3": "ARG", "ADM0_DIF": 0, "LEVEL": 2, "TYPE": "Sovereign country", "TLC": "1", "ADMIN": "Argentina", "ADM0_A3": "ARG", "GEOU_DIF": 0, "GEOUNIT": "Argentina", "GU_A3": "ARG", "SU_DIF": 0, "SUBUNIT": "Argentina", "SU_A3": "ARG", "BRK_DIFF": 0, "NAME": "Argentina", "NAME_LONG": "Argentina", "BRK_A3": "ARG", "BRK_NAME": "Argentina", "BRK_GROUP": null, "ABBREV": "Arg.", "POSTAL": "AR", "FORMAL_EN": "Argentine Republic", "FORMAL_FR": null, "NAME_CIAWF": "Argentina", "NOTE_ADM0": null, "NOTE_BRK": null, "NAME_SORT": "Argentina", "NAME_ALT": null, "MAPCOLOR7": 3, "MAPCOLOR8": 1, "MAPCOLOR9": 3, "MAPCOLOR13": 13, "POP_EST": 44938712, "POP_RANK": 15, "POP_YEAR": 2019, "GDP_MD": 445445, "GDP_YEAR": 2019, "ECONOMY": "5. Emerging region: G20", "INCOME_GRP": "3. Upper middle income", "FIPS_10": "AR", "ISO_A2": "AR", "ISO_A2_EH": "AR", "ISO_A3": "ARG", "ISO_A3_EH": "ARG", "ISO_N3": "032", "ISO_N3_EH": "032", "UN_A3": "032", "WB_A2": "AR", "WB_A3": "ARG", "WOE_ID": 23424747, "WOE_ID_EH": 23424747, "WOE_NOTE": "Exact WOE match as country", "ADM0_ISO": "ARG", "ADM0_DIFF": null, "ADM0_TLC": "ARG", "ADM0_A3_US": "ARG", "ADM0_A3_FR": "ARG", "ADM0_A3_RU": "ARG", "ADM0_A3_ES": "ARG", "ADM0_A3_CN": "ARG", "ADM0_A3_TW": "ARG", "ADM0_A3_IN": "ARG", "ADM0_A3_NP": "ARG", "ADM0_A3_PK": "ARG", "ADM0_A3_DE": "ARG", "ADM0_A3_GB": "ARG", "ADM0_A3_BR": "ARG", "ADM0_A3_IL": "ARG", "ADM0_A3_PS": "ARG", "ADM0_A3_SA": "ARG", "ADM0_A3_EG": "ARG", "ADM0_A3_MA": "ARG", "ADM0_A3_PT": "ARG", "ADM0_A3_AR": "ARG", "ADM0_A3_JP": "ARG", "ADM0_A3_KO": "ARG", "ADM0_A3_VN": "ARG", "ADM0_A3_TR": "ARG", "ADM0_A3_ID": "ARG", "ADM0_A3_PL": "ARG", "ADM0_A3_GR": "ARG", "ADM0_A3_IT": "ARG", "ADM0_A3_NL": "ARG", "ADM0_A3_SE": "ARG", "ADM0_A3_BD": "ARG", "ADM0_A3_UA": "ARG", "ADM0_A3_UN": -99, "ADM0_A3_WB": -99, "CONTINENT": "South America", "REGION_UN": "Americas", "SUBREGION": "South America", "REGION_WB": "Latin America & Caribbean", "NAME_LEN": 9, "LONG_LEN": 9, "ABBREV_LEN": 4, "TINY": -99, "HOMEPART": 1, "MIN_ZOOM": 0, "MIN_LABEL": 2, "MAX_LABEL": 7, "LABEL_X": -64.173331, "LABEL_Y": -33.501159, "NE_ID": 1159320331, "WIKIDATAID": "Q414", "NAME_AR": "\u0627\u0644\u0623\u0631\u062c\u0646\u062a\u064a\u0646", "NAME_BN": "\u0986\u09b0\u09cd\u099c\u09c7\u09a8\u09cd\u099f\u09bf\u09a8\u09be", "NAME_DE": "Argentinien", "NAME_EN": "Argentina", "NAME_ES": "Argentina", "NAME_FA": "\u0622\u0631\u0698\u0627\u0646\u062a\u06cc\u0646", "NAME_FR": "Argentine", "NAME_EL": "\u0391\u03c1\u03b3\u03b5\u03bd\u03c4\u03b9\u03bd\u03ae", "NAME_HE": "\u05d0\u05e8\u05d2\u05e0\u05d8\u05d9\u05e0\u05d4", "NAME_HI": "\u0905\u0930\u094d\u091c\u0947\u0923\u094d\u091f\u0940\u0928\u093e", "NAME_HU": "Argent\u00edna", "NAME_ID": "Argentina", "NAME_IT": "Argentina", "NAME_JA": "\u30a2\u30eb\u30bc\u30f3\u30c1\u30f3", "NAME_KO": "\uc544\ub974\ud5e8\ud2f0\ub098", "NAME_NL": "Argentini\u00eb", "NAME_PL": "Argentyna", "NAME_PT": "Argentina", "NAME_RU": "\u0410\u0440\u0433\u0435\u043d\u0442\u0438\u043d\u0430", "NAME_SV": "Argentina", "NAME_TR": "Arjantin", "NAME_UK": "\u0410\u0440\u0433\u0435\u043d\u0442\u0438\u043d\u0430", "NAME_UR": "\u0627\u0631\u062c\u0646\u0679\u0627\u0626\u0646", "NAME_VI": "Argentina", "NAME_ZH": "\u963f\u6839\u5ef7", "NAME_ZHT": "\u963f\u6839\u5ef7", "FCLASS_ISO": "Admin-0 country", "TLC_DIFF": null, "FCLASS_TLC": "Admin-0 country", "FCLASS_US": null, "FCLASS_FR": null, "FCLASS_RU": null, "FCLASS_ES": null, "FCLASS_CN": null, "FCLASS_TW": null, "FCLASS_IN": null, "FCLASS_NP": null, "FCLASS_PK": null, "FCLASS_DE": null, "FCLASS_GB": null, "FCLASS_BR": null, "FCLASS_IL": null, "FCLASS_PS": null, "FCLASS_SA": null, "FCLASS_EG": null, "FCLASS_MA": null, "FCLASS_PT": null, "FCLASS_AR": null, "FCLASS_JP": null, "FCLASS_KO": null, "FCLASS_VN": null, "FCLASS_TR": null, "FCLASS_ID": null, "FCLASS_PL": null, "FCLASS_GR": null, "FCLASS_IT": null, "FCLASS_NL": null, "FCLASS_SE": null, "FCLASS_BD": null, "FCLASS_UA": null}, "bbox": [-73.415436, -55.25, -53.628349, -21.83231], "geometry": {"type": "MultiPolygon", "coordinates": [[[[-68.63401, -52.63637], [-68.25, -53.1], [-67.75, -53.85], [-66.45, -54.45], [-65.05, -54.7], [-65.5, -55.2], [-66.45, -55.25], [-66.95992, -54.89681], [-67.56244, -54.87001], [-68.63335, -54.8695], [-68.63401, -52.63637]]], [[[-57.625133, -30.216295], [-57.874937, -31.016556], [-58.14244, -32.044504], [-58.132648, -33.040567], [-58.349611, -33.263189], [-58.427074, -33.909454], [-58.495442, -34.43149], [-57.22583, -35.288027], [-57.362359, -35.97739], [-56.737487, -36.413126], [-56.788285, -36.901572], [-57.749157, -38.183871], [-59.231857, -38.72022], [-61.237445, -38.928425], [-62.335957, -38.827707], [-62.125763, -39.424105], [-62.330531, -40.172586], [-62.145994, -40.676897], [-62.745803, -41.028761], [-63.770495, -41.166789], [-64.73209, -40.802677], [-65.118035, -41.064315], [-64.978561, -42.058001], [-64.303408, -42.359016], [-63.755948, -42.043687], [-63.458059, -42.563138], [-64.378804, -42.873558], [-65.181804, -43.495381], [-65.328823, -44.501366], [-65.565269, -45.036786], [-66.509966, -45.039628], [-67.293794, -45.551896], [-67.580546, -46.301773], [-66.597066, -47.033925], [-65.641027, -47.236135], [-65.985088, -48.133289], [-67.166179, -48.697337], [-67.816088, -49.869669], [-68.728745, -50.264218], [-69.138539, -50.73251], [-68.815561, -51.771104], [-68.149995, -52.349983], [-68.571545, -52.299444], [-69.498362, -52.142761], [-71.914804, -52.009022], [-72.329404, -51.425956], [-72.309974, -50.67701], [-72.975747, -50.74145], [-73.328051, -50.378785], [-73.415436, -49.318436], [-72.648247, -48.878618], [-72.331161, -48.244238], [-72.447355, -47.738533], [-71.917258, -46.884838], [-71.552009, -45.560733], [-71.659316, -44.973689], [-71.222779, -44.784243], [-71.329801, -44.407522], [-71.793623, -44.207172], [-71.464056, -43.787611], [-71.915424, -43.408565], [-72.148898, -42.254888], [-71.746804, -42.051386], [-71.915734, -40.832339], [-71.680761, -39.808164], [-71.413517, -38.916022], [-70.814664, -38.552995], [-71.118625, -37.576827], [-71.121881, -36.658124], [-70.364769, -36.005089], [-70.388049, -35.169688], [-69.817309, -34.193571], [-69.814777, -33.273886], [-70.074399, -33.09121], [-70.535069, -31.36501], [-69.919008, -30.336339], [-70.01355, -29.367923], [-69.65613, -28.459141], [-69.001235, -27.521214], [-68.295542, -26.89934], [-68.5948, -26.506909], [-68.386001, -26.185016], [-68.417653, -24.518555], [-67.328443, -24.025303], [-66.985234, -22.986349], [-67.106674, -22.735925], [-66.273339, -21.83231], [-64.964892, -22.075862], [-64.377021, -22.798091], [-63.986838, -21.993644], [-62.846468, -22.034985], [-62.685057, -22.249029], [-60.846565, -23.880713], [-60.028966, -24.032796], [-58.807128, -24.771459], [-57.777217, -25.16234], [-57.63366, -25.603657], [-58.618174, -27.123719], [-57.60976, -27.395899], [-56.486702, -27.548499], [-55.695846, -27.387837], [-54.788795, -26.621786], [-54.625291, -25.739255], [-54.13005, -25.547639], [-53.628349, -26.124865], [-53.648735, -26.923473], [-54.490725, -27.474757], [-55.162286, -27.881915], [-56.2909, -28.852761], [-57.625133, -30.216295]]]]}}, {"type": "Feature", "properties": {"featurecla": "Admin-0 country", "scalerank": 1, "LABELRANK": 2, "SOVEREIGNT": "Chile", "SOV_A3": "CHL", "ADM0_DIF": 0, "LEVEL": 2, "TYPE": "Sovereign country", "TLC": "1", "ADMIN": "Chile", "ADM0_A3": "CHL", "GEOU_DIF": 0, "GEOUNIT": "Chile", "GU_A3": "CHL", "SU_DIF": 0, "SUBUNIT": "Chile", "SU_A3": "CHL", "BRK_DIFF": 0, "NAME": "Chile", "NAME_LONG": "Chile", "BRK_A3": "CHL", "BRK_NAME": "Chile", "BRK_GROUP": null, "ABBREV": "Chile", "POSTAL": "CL", "FORMAL_EN": "Republic of Chile", "FORMAL_FR": null, "NAME_CIAWF": "Chile", "NOTE_ADM0": null, "NOTE_BRK": null, "NAME_SORT": "Chile", "NAME_ALT": null, "MAPCOLOR7": 5, "MAPCOLOR8": 1, "MAPCOLOR9": 5, "MAPCOLOR13": 9, "POP_EST": 18952038, "POP_RANK": 14, "POP_YEAR": 2019, "GDP_MD": 282318, "GDP_YEAR": 2019, "ECONOMY": "5. Emerging region: G20", "INCOME_GRP": "3. Upper middle income", "FIPS_10": "CI", "ISO_A2": "CL", "ISO_A2_EH": "CL", "ISO_A3": "CHL", "ISO_A3_EH": "CHL", "ISO_N3": "152", "ISO_N3_EH": "152", "UN_A3": "152", "WB_A2": "CL", "WB_A3": "CHL", "WOE_ID": 23424782, "WOE_ID_EH": 23424782, "WOE_NOTE": "Exact WOE match as country", "ADM0_ISO": "CHL", "ADM0_DIFF": null, "ADM0_TLC": "CHL", "ADM0_A3_US": "CHL", "ADM0_A3_FR": "CHL", "ADM0_A3_RU": "CHL", "ADM0_A3_ES": "CHL", "ADM0_A3_CN": "CHL", "ADM0_A3_TW": "CHL", "ADM0_A3_IN": "CHL", "ADM0_A3_NP": "CHL", "ADM0_A3_PK": "CHL", "ADM0_A3_DE": "CHL", "ADM0_A3_GB": "CHL", "ADM0_A3_BR": "CHL", "ADM0_A3_IL": "CHL", "ADM0_A3_PS": "CHL", "ADM0_A3_SA": "CHL", "ADM0_A3_EG": "CHL", "ADM0_A3_MA": "CHL", "ADM0_A3_PT": "CHL", "ADM0_A3_AR": "CHL", "ADM0_A3_JP": "CHL", "ADM0_A3_KO": "CHL", "ADM0_A3_VN": "CHL", "ADM0_A3_TR": "CHL", "ADM0_A3_ID": "CHL", "ADM0_A3_PL": "CHL", "ADM0_A3_GR": "CHL", "ADM0_A3_IT": "CHL", "ADM0_A3_NL": "CHL", "ADM0_A3_SE": "CHL", "ADM0_A3_BD": "CHL", "ADM0_A3_UA": "CHL", "ADM0_A3_UN": -99, "ADM0_A3_WB": -99, "CONTINENT": "South America", "REGION_UN": "Americas", "SUBREGION": "South America", "REGION_WB": "Latin America & Caribbean", "NAME_LEN": 5, "LONG_LEN": 5, "ABBREV_LEN": 5, "TINY": -99, "HOMEPART": 1, "MIN_ZOOM": 0, "MIN_LABEL": 1.7, "MAX_LABEL": 6.7, "LABEL_X": -72.318871, "LABEL_Y": -38.151771, "NE_ID": 1159320493, "WIKIDATAID": "Q298", "NAME_AR": "\u062a\u0634\u064a\u0644\u064a", "NAME_BN": "\u099a\u09bf\u09b2\u09bf", "NAME_DE": "Chile", "NAME_EN": "Chile", "NAME_ES": "Chile", "NAME_FA": "\u0634\u06cc\u0644\u06cc", "NAME_FR": "Chili", "NAME_EL": "\u03a7\u03b9\u03bb\u03ae", "NAME_HE": "\u05e6'\u05d9\u05dc\u05d4", "NAME_HI": "\u091a\u093f\u0932\u0940", "NAME_HU": "Chile", "NAME_ID": "Chili", "NAME_IT": "Cile", "NAME_JA": "\u30c1\u30ea", "NAME_KO": "\uce60\ub808", "NAME_NL": "Chili", "NAME_PL": "Chile", "NAME_PT": "Chile", "NAME_RU": "\u0427\u0438\u043b\u0438", "NAME_SV": "Chile", "NAME_TR": "\u015eili", "NAME_UK": "\u0427\u0438\u043b\u0456", "NAME_UR": "\u0686\u0644\u06cc", "NAME_VI": "Chile", "NAME_ZH": "\u667a\u5229", "NAME_ZHT": "\u667a\u5229", "FCLASS_ISO": "Admin-0 country", "TLC_DIFF": null, "FCLASS_TLC": "Admin-0 country", "FCLASS_US": null, "FCLASS_FR": null, "FCLASS_RU": null, "FCLASS_ES": null, "FCLASS_CN": null, "FCLASS_TW": null, "FCLASS_IN": null, "FCLASS_NP": null, "FCLASS_PK": null, "FCLASS_DE": null, "FCLASS_GB": null, "FCLASS_BR": null, "FCLASS_IL": null, "FCLASS_PS": null, "FCLASS_SA": null, "FCLASS_EG": null, "FCLASS_MA": null, "FCLASS_PT": null, "FCLASS_AR": null, "FCLASS_JP": null, "FCLASS_KO": null, "FCLASS_VN": null, "FCLASS_TR": null, "FCLASS_ID": null, "FCLASS_PL": null, "FCLASS_GR": null, "FCLASS_IT": null, "FCLASS_NL": null, "FCLASS_SE": null, "FCLASS_BD": null, "FCLASS_UA": null}, "bbox": [-75.644395, -55.61183, -66.95992, -17.580012], "geometry": {"type": "MultiPolygon", "coordinates": [[[[-68.63401, -52.63637], [-68.63335, -54.8695], [-67.56244, -54.87001], [-66.95992, -54.89681], [-67.29103, -55.30124], [-68.14863, -55.61183], [-68.639991, -55.580018], [-69.2321, -55.49906], [-69.95809, -55.19843], [-71.00568, -55.05383], [-72.2639, -54.49514], [-73.2852, -53.95752], [-74.66253, -52.83749], [-73.8381, -53.04743], [-72.43418, -53.7154], [-71.10773, -54.07433], [-70.59178, -53.61583], [-70.26748, -52.93123], [-69.34565, -52.5183], [-68.63401, -52.63637]]], [[[-69.590424, -17.580012], [-69.100247, -18.260125], [-68.966818, -18.981683], [-68.442225, -19.405068], [-68.757167, -20.372658], [-68.219913, -21.494347], [-67.82818, -22.872919], [-67.106674, -22.735925], [-66.985234, -22.986349], [-67.328443, -24.025303], [-68.417653, -24.518555], [-68.386001, -26.185016], [-68.5948, -26.506909], [-68.295542, -26.89934], [-69.001235, -27.521214], [-69.65613, -28.459141], [-70.01355, -29.367923], [-69.919008, -30.336339], [-70.535069, -31.36501], [-70.074399, -33.09121], [-69.814777, -33.273886], [-69.817309, -34.193571], [-70.388049, -35.169688], [-70.364769, -36.005089], [-71.121881, -36.658124], [-71.118625, -37.576827], [-70.814664, -38.552995], [-71.413517, -38.916022], [-71.680761, -39.808164], [-71.915734, -40.832339], [-71.746804, -42.051386], [-72.148898, -42.254888], [-71.915424, -43.408565], [-71.464056, -43.787611], [-71.793623, -44.207172], [-71.329801, -44.407522], [-71.222779, -44.784243], [-71.659316, -44.973689], [-71.552009, -45.560733], [-71.917258, -46.884838], [-72.447355, -47.738533], [-72.331161, -48.244238], [-72.648247, -48.878618], [-73.415436, -49.318436], [-73.328051, -50.378785], [-72.975747, -50.74145], [-72.309974, -50.67701], [-72.329404, -51.425956], [-71.914804, -52.009022], [-69.498362, -52.142761], [-68.571545, -52.299444], [-69.461284, -52.291951], [-69.94278, -52.537931], [-70.845102, -52.899201], [-71.006332, -53.833252], [-71.429795, -53.856455], [-72.557943, -53.53141], [-73.702757, -52.835069], [-73.702757, -52.83507], [-74.946763, -52.262754], [-75.260026, -51.629355], [-74.976632, -51.043396], [-75.479754, -50.378372], [-75.608015, -48.673773], [-75.18277, -47.711919], [-74.126581, -46.939253], [-75.644395, -46.647643], [-74.692154, -45.763976], [-74.351709, -44.103044], [-73.240356, -44.454961], [-72.717804, -42.383356], [-73.3889, -42.117532], [-73.701336, -43.365776], [-74.331943, -43.224958], [-74.017957, -41.794813], [-73.677099, -39.942213], [-73.217593, -39.258689], [-73.505559, -38.282883], [-73.588061, -37.156285], [-73.166717, -37.12378], [-72.553137, -35.50884], [-71.861732, -33.909093], [-71.43845, -32.418899], [-71.668721, -30.920645], [-71.370083, -30.095682], [-71.489894, -28.861442], [-70.905124, -27.64038], [-70.724954, -25.705924], [-70.403966, -23.628997], [-70.091246, -21.393319], [-70.16442, -19.756468], [-70.372572, -18.347975], [-69.858444, -18.092694], [-69.590424, -17.580012]]]]}}, {"type": "Feature", "properties": {"featurecla": "Admin-0 country", "scalerank": 1, "LABELRANK": 5, "SOVEREIGNT": "Haiti", "SOV_A3": "HTI", "ADM0_DIF": 0, "LEVEL": 2, "TYPE": "Sovereign country", "TLC": "1", "ADMIN": "Haiti", "ADM0_A3": "HTI", "GEOU_DIF": 0, "GEOUNIT": "Haiti", "GU_A3": "HTI", "SU_DIF": 0, "SUBUNIT": "Haiti", "SU_A3": "HTI", "BRK_DIFF": 0, "NAME": "Haiti", "NAME_LONG": "Haiti", "BRK_A3": "HTI", "BRK_NAME": "Haiti", "BRK_GROUP": null, "ABBREV": "Haiti", "POSTAL": "HT", "FORMAL_EN": "Republic of Haiti", "FORMAL_FR": null, "NAME_CIAWF": "Haiti", "NOTE_ADM0": null, "NOTE_BRK": null, "NAME_SORT": "Haiti", "NAME_ALT": null, "MAPCOLOR7": 2, "MAPCOLOR8": 1, "MAPCOLOR9": 7, "MAPCOLOR13": 2, "POP_EST": 11263077, "POP_RANK": 14, "POP_YEAR": 2019, "GDP_MD": 14332, "GDP_YEAR": 2019, "ECONOMY": "7. Least developed region", "INCOME_GRP": "5. Low income", "FIPS_10": "HA", "ISO_A2": "HT", "ISO_A2_EH": "HT", "ISO_A3": "HTI", "ISO_A3_EH": "HTI", "ISO_N3": "332", "ISO_N3_EH": "332", "UN_A3": "332", "WB_A2": "HT", "WB_A3": "HTI", "WOE_ID": 23424839, "WOE_ID_EH": 23424839, "WOE_NOTE": "Exact WOE match as country", "ADM0_ISO": "HTI", "ADM0_DIFF": null, "ADM0_TLC": "HTI", "ADM0_A3_US": "HTI", "ADM0_A3_FR": "HTI", "ADM0_A3_RU": "HTI", "ADM0_A3_ES": "HTI", "ADM0_A3_CN": "HTI", "ADM0_A3_TW": "HTI", "ADM0_A3_IN": "HTI", "ADM0_A3_NP": "HTI", "ADM0_A3_PK": "HTI", "ADM0_A3_DE": "HTI", "ADM0_A3_GB": "HTI", "ADM0_A3_BR": "HTI", "ADM0_A3_IL": "HTI", "ADM0_A3_PS": "HTI", "ADM0_A3_SA": "HTI", "ADM0_A3_EG": "HTI", "ADM0_A3_MA": "HTI", "ADM0_A3_PT": "HTI", "ADM0_A3_AR": "HTI", "ADM0_A3_JP": "HTI", "ADM0_A3_KO": "HTI", "ADM0_A3_VN": "HTI", "ADM0_A3_TR": "HTI", "ADM0_A3_ID": "HTI", "ADM0_A3_PL": "HTI", "ADM0_A3_GR": "HTI", "ADM0_A3_IT": "HTI", "ADM0_A3_NL": "HTI", "ADM0_A3_SE": "HTI", "ADM0_A3_BD": "HTI", "ADM0_A3_UA": "HTI", "ADM0_A3_UN": -99, "ADM0_A3_WB": -99, "CONTINENT": "North America", "REGION_UN": "Americas", "SUBREGION": "Caribbean", "REGION_WB": "Latin America & Caribbean", "NAME_LEN": 5, "LONG_LEN": 5, "ABBREV_LEN": 5, "TINY": -99, "HOMEPART": 1, "MIN_ZOOM": 0, "MIN_LABEL": 4, "MAX_LABEL": 9, "LABEL_X": -72.224051, "LABEL_Y": 19.263784, "NE_ID": 1159320839, "WIKIDATAID": "Q790", "NAME_AR": "\u0647\u0627\u064a\u062a\u064a", "NAME_BN": "\u09b9\u09be\u0987\u09a4\u09bf", "NAME_DE": "Haiti", "NAME_EN": "Haiti", "NAME_ES": "Hait\u00ed", "NAME_FA": "\u0647\u0627\u0626\u06cc\u062a\u06cc", "NAME_FR": "Ha\u00efti", "NAME_EL": "\u0391\u03ca\u03c4\u03ae", "NAME_HE": "\u05d4\u05d0\u05d9\u05d8\u05d9", "NAME_HI": "\u0939\u0948\u0924\u0940", "NAME_HU": "Haiti", "NAME_ID": "Haiti", "NAME_IT": "Haiti", "NAME_JA": "\u30cf\u30a4\u30c1", "NAME_KO": "\uc544\uc774\ud2f0", "NAME_NL": "Ha\u00efti", "NAME_PL": "Haiti", "NAME_PT": "Haiti", "NAME_RU": "\u0420\u0435\u0441\u043f\u0443\u0431\u043b\u0438\u043a\u0430 \u0413\u0430\u0438\u0442\u0438", "NAME_SV": "Haiti", "NAME_TR": "Haiti", "NAME_UK": "\u0413\u0430\u0457\u0442\u0456", "NAME_UR": "\u06c1\u06cc\u0679\u06cc", "NAME_VI": "Haiti", "NAME_ZH": "\u6d77\u5730", "NAME_ZHT": "\u6d77\u5730", "FCLASS_ISO": "Admin-0 country", "TLC_DIFF": null, "FCLASS_TLC": "Admin-0 country", "FCLASS_US": null, "FCLASS_FR": null, "FCLASS_RU": null, "FCLASS_ES": null, "FCLASS_CN": null, "FCLASS_TW": null, "FCLASS_IN": null, "FCLASS_NP": null, "FCLASS_PK": null, "FCLASS_DE": null, "FCLASS_GB": null, "FCLASS_BR": null, "FCLASS_IL": null, "FCLASS_PS": null, "FCLASS_SA": null, "FCLASS_EG": null, "FCLASS_MA": null, "FCLASS_PT": null, "FCLASS_AR": null, "FCLASS_JP": null, "FCLASS_KO": null, "FCLASS_VN": null, "FCLASS_TR": null, "FCLASS_ID": null, "FCLASS_PL": null, "FCLASS_GR": null, "FCLASS_IT": null, "FCLASS_NL": null, "FCLASS_SE": null, "FCLASS_BD": null, "FCLASS_UA": null}, "bbox": [-74.458034, 18.030993, -71.624873, 19.915684], "geometry": {"type": "Polygon", "coordinates": [[[-71.712361, 19.714456], [-71.624873, 19.169838], [-71.701303, 18.785417], [-71.945112, 18.6169], [-71.687738, 18.31666], [-71.708305, 18.044997], [-72.372476, 18.214961], [-72.844411, 18.145611], [-73.454555, 18.217906], [-73.922433, 18.030993], [-74.458034, 18.34255], [-74.369925, 18.664908], [-73.449542, 18.526053], [-72.694937, 18.445799], [-72.334882, 18.668422], [-72.79165, 19.101625], [-72.784105, 19.483591], [-73.415022, 19.639551], [-73.189791, 19.915684], [-72.579673, 19.871501], [-71.712361, 19.714456]]]}}, {"type": "Feature", "properties": {"featurecla": "Admin-0 country", "scalerank": 1, "LABELRANK": 5, "SOVEREIGNT": "Dominican Republic", "SOV_A3": "DOM", "ADM0_DIF": 0, "LEVEL": 2, "TYPE": "Sovereign country", "TLC": "1", "ADMIN": "Dominican Republic", "ADM0_A3": "DOM", "GEOU_DIF": 0, "GEOUNIT": "Dominican Republic", "GU_A3": "DOM", "SU_DIF": 0, "SUBUNIT": "Dominican Republic", "SU_A3": "DOM", "BRK_DIFF": 0, "NAME": "Dominican Rep.", "NAME_LONG": "Dominican Republic", "BRK_A3": "DOM", "BRK_NAME": "Dominican Rep.", "BRK_GROUP": null, "ABBREV": "Dom. Rep.", "POSTAL": "DO", "FORMAL_EN": "Dominican Republic", "FORMAL_FR": null, "NAME_CIAWF": "Dominican Republic", "NOTE_ADM0": null, "NOTE_BRK": null, "NAME_SORT": "Dominican Republic", "NAME_ALT": null, "MAPCOLOR7": 5, "MAPCOLOR8": 2, "MAPCOLOR9": 5, "MAPCOLOR13": 7, "POP_EST": 10738958, "POP_RANK": 14, "POP_YEAR": 2019, "GDP_MD": 88941, "GDP_YEAR": 2019, "ECONOMY": "6. Developing region", "INCOME_GRP": "3. Upper middle income", "FIPS_10": "DR", "ISO_A2": "DO", "ISO_A2_EH": "DO", "ISO_A3": "DOM", "ISO_A3_EH": "DOM", "ISO_N3": "214", "ISO_N3_EH": "214", "UN_A3": "214", "WB_A2": "DO", "WB_A3": "DOM", "WOE_ID": 23424800, "WOE_ID_EH": 23424800, "WOE_NOTE": "Exact WOE match as country", "ADM0_ISO": "DOM", "ADM0_DIFF": null, "ADM0_TLC": "DOM", "ADM0_A3_US": "DOM", "ADM0_A3_FR": "DOM", "ADM0_A3_RU": "DOM", "ADM0_A3_ES": "DOM", "ADM0_A3_CN": "DOM", "ADM0_A3_TW": "DOM", "ADM0_A3_IN": "DOM", "ADM0_A3_NP": "DOM", "ADM0_A3_PK": "DOM", "ADM0_A3_DE": "DOM", "ADM0_A3_GB": "DOM", "ADM0_A3_BR": "DOM", "ADM0_A3_IL": "DOM", "ADM0_A3_PS": "DOM", "ADM0_A3_SA": "DOM", "ADM0_A3_EG": "DOM", "ADM0_A3_MA": "DOM", "ADM0_A3_PT": "DOM", "ADM0_A3_AR": "DOM", "ADM0_A3_JP": "DOM", "ADM0_A3_KO": "DOM", "ADM0_A3_VN": "DOM", "ADM0_A3_TR": "DOM", "ADM0_A3_ID": "DOM", "ADM0_A3_PL": "DOM", "ADM0_A3_GR": "DOM", "ADM0_A3_IT": "DOM", "ADM0_A3_NL": "DOM", "ADM0_A3_SE": "DOM", "ADM0_A3_BD": "DOM", "ADM0_A3_UA": "DOM", "ADM0_A3_UN": -99, "ADM0_A3_WB": -99, "CONTINENT": "North America", "REGION_UN": "Americas", "SUBREGION": "Caribbean", "REGION_WB": "Latin America & Caribbean", "NAME_LEN": 14, "LONG_LEN": 18, "ABBREV_LEN": 9, "TINY": -99, "HOMEPART": 1, "MIN_ZOOM": 0, "MIN_LABEL": 4.5, "MAX_LABEL": 9.5, "LABEL_X": -70.653998, "LABEL_Y": 19.104137, "NE_ID": 1159320563, "WIKIDATAID": "Q786", "NAME_AR": "\u062c\u0645\u0647\u0648\u0631\u064a\u0629 \u0627\u0644\u062f\u0648\u0645\u064a\u0646\u064a\u0643\u0627\u0646", "NAME_BN": "\u09a1\u09cb\u09ae\u09bf\u09a8\u09bf\u0995\u09be\u09a8 \u09aa\u09cd\u09b0\u099c\u09be\u09a4\u09a8\u09cd\u09a4\u09cd\u09b0", "NAME_DE": "Dominikanische Republik", "NAME_EN": "Dominican Republic", "NAME_ES": "Rep\u00fablica Dominicana", "NAME_FA": "\u062c\u0645\u0647\u0648\u0631\u06cc \u062f\u0648\u0645\u06cc\u0646\u06cc\u06a9\u0646", "NAME_FR": "R\u00e9publique dominicaine", "NAME_EL": "\u0394\u03bf\u03bc\u03b9\u03bd\u03b9\u03ba\u03b1\u03bd\u03ae \u0394\u03b7\u03bc\u03bf\u03ba\u03c1\u03b1\u03c4\u03af\u03b1", "NAME_HE": "\u05d4\u05e8\u05e4\u05d5\u05d1\u05dc\u05d9\u05e7\u05d4 \u05d4\u05d3\u05d5\u05de\u05d9\u05e0\u05d9\u05e7\u05e0\u05d9\u05ea", "NAME_HI": "\u0921\u094b\u092e\u093f\u0928\u093f\u0915\u0928 \u0917\u0923\u0930\u093e\u091c\u094d\u092f", "NAME_HU": "Dominikai K\u00f6zt\u00e1rsas\u00e1g", "NAME_ID": "Republik Dominika", "NAME_IT": "Repubblica Dominicana", "NAME_JA": "\u30c9\u30df\u30cb\u30ab\u5171\u548c\u56fd", "NAME_KO": "\ub3c4\ubbf8\ub2c8\uce74 \uacf5\ud654\uad6d", "NAME_NL": "Dominicaanse Republiek", "NAME_PL": "Dominikana", "NAME_PT": "Rep\u00fablica Dominicana", "NAME_RU": "\u0414\u043e\u043c\u0438\u043d\u0438\u043a\u0430\u043d\u0441\u043a\u0430\u044f \u0420\u0435\u0441\u043f\u0443\u0431\u043b\u0438\u043a\u0430", "NAME_SV": "Dominikanska republiken", "NAME_TR": "Dominik Cumhuriyeti", "NAME_UK": "\u0414\u043e\u043c\u0456\u043d\u0456\u043a\u0430\u043d\u0441\u044c\u043a\u0430 \u0420\u0435\u0441\u043f\u0443\u0431\u043b\u0456\u043a\u0430", "NAME_UR": "\u062c\u0645\u06c1\u0648\u0631\u06cc\u06c1 \u0688\u0648\u0645\u06cc\u0646\u06cc\u06a9\u0646", "NAME_VI": "C\u1ed9ng h\u00f2a Dominica", "NAME_ZH": "\u591a\u7c73\u5c3c\u52a0", "NAME_ZHT": "\u591a\u660e\u5c3c\u52a0", "FCLASS_ISO": "Admin-0 country", "TLC_DIFF": null, "FCLASS_TLC": "Admin-0 country", "FCLASS_US": null, "FCLASS_FR": null, "FCLASS_RU": null, "FCLASS_ES": null, "FCLASS_CN": null, "FCLASS_TW": null, "FCLASS_IN": null, "FCLASS_NP": null, "FCLASS_PK": null, "FCLASS_DE": null, "FCLASS_GB": null, "FCLASS_BR": null, "FCLASS_IL": null, "FCLASS_PS": null, "FCLASS_SA": null, "FCLASS_EG": null, "FCLASS_MA": null, "FCLASS_PT": null, "FCLASS_AR": null, "FCLASS_JP": null, "FCLASS_KO": null, "FCLASS_VN": null, "FCLASS_TR": null, "FCLASS_ID": null, "FCLASS_PL": null, "FCLASS_GR": null, "FCLASS_IT": null, "FCLASS_NL": null, "FCLASS_SE": null, "FCLASS_BD": null, "FCLASS_UA": null}, "bbox": [-71.945112, 17.598564, -68.317943, 19.884911], "geometry": {"type": "Polygon", "coordinates": [[[-71.708305, 18.044997], [-71.687738, 18.31666], [-71.945112, 18.6169], [-71.701303, 18.785417], [-71.624873, 19.169838], [-71.712361, 19.714456], [-71.587304, 19.884911], [-70.806706, 19.880286], [-70.214365, 19.622885], [-69.950815, 19.648], [-69.76925, 19.293267], [-69.222126, 19.313214], [-69.254346, 19.015196], [-68.809412, 18.979074], [-68.317943, 18.612198], [-68.689316, 18.205142], [-69.164946, 18.422648], [-69.623988, 18.380713], [-69.952934, 18.428307], [-70.133233, 18.245915], [-70.517137, 18.184291], [-70.669298, 18.426886], [-70.99995, 18.283329], [-71.40021, 17.598564], [-71.657662, 17.757573], [-71.708305, 18.044997]]]}}, {"type": "Feature", "properties": {"featurecla": "Admin-0 country", "scalerank": 1, "LABELRANK": 4, "SOVEREIGNT": "The Bahamas", "SOV_A3": "BHS", "ADM0_DIF": 0, "LEVEL": 2, "TYPE": "Sovereign country", "TLC": "1", "ADMIN": "The Bahamas", "ADM0_A3": "BHS", "GEOU_DIF": 0, "GEOUNIT": "The Bahamas", "GU_A3": "BHS", "SU_DIF": 0, "SUBUNIT": "The Bahamas", "SU_A3": "BHS", "BRK_DIFF": 0, "NAME": "Bahamas", "NAME_LONG": "Bahamas", "BRK_A3": "BHS", "BRK_NAME": "Bahamas", "BRK_GROUP": null, "ABBREV": "Bhs.", "POSTAL": "BS", "FORMAL_EN": "Commonwealth of the Bahamas", "FORMAL_FR": null, "NAME_CIAWF": "Bahamas, The", "NOTE_ADM0": null, "NOTE_BRK": null, "NAME_SORT": "Bahamas, The", "NAME_ALT": null, "MAPCOLOR7": 1, "MAPCOLOR8": 1, "MAPCOLOR9": 2, "MAPCOLOR13": 5, "POP_EST": 389482, "POP_RANK": 10, "POP_YEAR": 2019, "GDP_MD": 13578, "GDP_YEAR": 2019, "ECONOMY": "6. Developing region", "INCOME_GRP": "2. High income: nonOECD", "FIPS_10": "BF", "ISO_A2": "BS", "ISO_A2_EH": "BS", "ISO_A3": "BHS", "ISO_A3_EH": "BHS", "ISO_N3": "044", "ISO_N3_EH": "044", "UN_A3": "044", "WB_A2": "BS", "WB_A3": "BHS", "WOE_ID": 23424758, "WOE_ID_EH": 23424758, "WOE_NOTE": "Exact WOE match as country", "ADM0_ISO": "BHS", "ADM0_DIFF": null, "ADM0_TLC": "BHS", "ADM0_A3_US": "BHS", "ADM0_A3_FR": "BHS", "ADM0_A3_RU": "BHS", "ADM0_A3_ES": "BHS", "ADM0_A3_CN": "BHS", "ADM0_A3_TW": "BHS", "ADM0_A3_IN": "BHS", "ADM0_A3_NP": "BHS", "ADM0_A3_PK": "BHS", "ADM0_A3_DE": "BHS", "ADM0_A3_GB": "BHS", "ADM0_A3_BR": "BHS", "ADM0_A3_IL": "BHS", "ADM0_A3_PS": "BHS", "ADM0_A3_SA": "BHS", "ADM0_A3_EG": "BHS", "ADM0_A3_MA": "BHS", "ADM0_A3_PT": "BHS", "ADM0_A3_AR": "BHS", "ADM0_A3_JP": "BHS", "ADM0_A3_KO": "BHS", "ADM0_A3_VN": "BHS", "ADM0_A3_TR": "BHS", "ADM0_A3_ID": "BHS", "ADM0_A3_PL": "BHS", "ADM0_A3_GR": "BHS", "ADM0_A3_IT": "BHS", "ADM0_A3_NL": "BHS", "ADM0_A3_SE": "BHS", "ADM0_A3_BD": "BHS", "ADM0_A3_UA": "BHS", "ADM0_A3_UN": -99, "ADM0_A3_WB": -99, "CONTINENT": "North America", "REGION_UN": "Americas", "SUBREGION": "Caribbean", "REGION_WB": "Latin America & Caribbean", "NAME_LEN": 7, "LONG_LEN": 7, "ABBREV_LEN": 4, "TINY": -99, "HOMEPART": 1, "MIN_ZOOM": 0, "MIN_LABEL": 4, "MAX_LABEL": 9, "LABEL_X": -77.146688, "LABEL_Y": 26.401789, "NE_ID": 1159320415, "WIKIDATAID": "Q778", "NAME_AR": "\u0628\u0627\u0647\u0627\u0645\u0627\u0633", "NAME_BN": "\u09ac\u09be\u09b9\u09be\u09ae\u09be \u09a6\u09cd\u09ac\u09c0\u09aa\u09aa\u09c1\u099e\u09cd\u099c", "NAME_DE": "Bahamas", "NAME_EN": "The Bahamas", "NAME_ES": "Bahamas", "NAME_FA": "\u0628\u0627\u0647\u0627\u0645\u0627", "NAME_FR": "Bahamas", "NAME_EL": "\u039c\u03c0\u03b1\u03c7\u03ac\u03bc\u03b5\u03c2", "NAME_HE": "\u05d0\u05d9\u05d9 \u05d1\u05d4\u05d0\u05de\u05d4", "NAME_HI": "\u092c\u0939\u093e\u092e\u093e\u0938", "NAME_HU": "Bahama-szigetek", "NAME_ID": "Bahama", "NAME_IT": "Bahamas", "NAME_JA": "\u30d0\u30cf\u30de", "NAME_KO": "\ubc14\ud558\ub9c8", "NAME_NL": "Bahama's", "NAME_PL": "Bahamy", "NAME_PT": "Bahamas", "NAME_RU": "\u0411\u0430\u0433\u0430\u043c\u0441\u043a\u0438\u0435 \u041e\u0441\u0442\u0440\u043e\u0432\u0430", "NAME_SV": "Bahamas", "NAME_TR": "Bahamalar", "NAME_UK": "\u0411\u0430\u0433\u0430\u043c\u0441\u044c\u043a\u0456 \u041e\u0441\u0442\u0440\u043e\u0432\u0438", "NAME_UR": "\u0628\u06c1\u0627\u0645\u0627\u0633", "NAME_VI": "Bahamas", "NAME_ZH": "\u5df4\u54c8\u9a6c", "NAME_ZHT": "\u5df4\u54c8\u99ac", "FCLASS_ISO": "Admin-0 country", "TLC_DIFF": null, "FCLASS_TLC": "Admin-0 country", "FCLASS_US": null, "FCLASS_FR": null, "FCLASS_RU": null, "FCLASS_ES": null, "FCLASS_CN": null, "FCLASS_TW": null, "FCLASS_IN": null, "FCLASS_NP": null, "FCLASS_PK": null, "FCLASS_DE": null, "FCLASS_GB": null, "FCLASS_BR": null, "FCLASS_IL": null, "FCLASS_PS": null, "FCLASS_SA": null, "FCLASS_EG": null, "FCLASS_MA": null, "FCLASS_PT": null, "FCLASS_AR": null, "FCLASS_JP": null, "FCLASS_KO": null, "FCLASS_VN": null, "FCLASS_TR": null, "FCLASS_ID": null, "FCLASS_PL": null, "FCLASS_GR": null, "FCLASS_IT": null, "FCLASS_NL": null, "FCLASS_SE": null, "FCLASS_BD": null, "FCLASS_UA": null}, "bbox": [-78.98, 23.71, -77, 27.04], "geometry": {"type": "MultiPolygon", "coordinates": [[[[-78.98, 26.79], [-78.51, 26.87], [-77.85, 26.84], [-77.82, 26.58], [-78.91, 26.42], [-78.98, 26.79]]], [[[-77.79, 27.04], [-77, 26.59], [-77.17255, 25.87918], [-77.35641, 26.00735], [-77.34, 26.53], [-77.78802, 26.92516], [-77.79, 27.04]]], [[[-78.19087, 25.2103], [-77.89, 25.17], [-77.54, 24.34], [-77.53466, 23.75975], [-77.78, 23.71], [-78.03405, 24.28615], [-78.40848, 24.57564], [-78.19087, 25.2103]]]]}}, {"type": "Feature", "properties": {"featurecla": "Admin-0 country", "scalerank": 1, "LABELRANK": 5, "SOVEREIGNT": "United Kingdom", "SOV_A3": "GB1", "ADM0_DIF": 1, "LEVEL": 2, "TYPE": "Disputed", "TLC": "1", "ADMIN": "Falkland Islands", "ADM0_A3": "FLK", "GEOU_DIF": 0, "GEOUNIT": "Falkland Islands", "GU_A3": "FLK", "SU_DIF": 0, "SUBUNIT": "Falkland Islands", "SU_A3": "FLK", "BRK_DIFF": 1, "NAME": "Falkland Is.", "NAME_LONG": "Falkland Islands / Malvinas", "BRK_A3": "B12", "BRK_NAME": "Falkland Is.", "BRK_GROUP": null, "ABBREV": "Flk. Is.", "POSTAL": "FK", "FORMAL_EN": "Falkland Islands", "FORMAL_FR": null, "NAME_CIAWF": "Falkland Islands (Islas Malvinas)", "NOTE_ADM0": "U.K.", "NOTE_BRK": "Admin. by U.K.; Claimed by Argentina", "NAME_SORT": "Falkland Islands", "NAME_ALT": "Islas Malvinas", "MAPCOLOR7": 6, "MAPCOLOR8": 6, "MAPCOLOR9": 6, "MAPCOLOR13": 3, "POP_EST": 3398, "POP_RANK": 4, "POP_YEAR": 2016, "GDP_MD": 282, "GDP_YEAR": 2012, "ECONOMY": "2. Developed region: nonG7", "INCOME_GRP": "1. High income: OECD", "FIPS_10": "FK", "ISO_A2": "FK", "ISO_A2_EH": "FK", "ISO_A3": "FLK", "ISO_A3_EH": "FLK", "ISO_N3": "238", "ISO_N3_EH": "238", "UN_A3": "238", "WB_A2": "-99", "WB_A3": "-99", "WOE_ID": 23424814, "WOE_ID_EH": 23424814, "WOE_NOTE": "Exact WOE match as country", "ADM0_ISO": "B12", "ADM0_DIFF": null, "ADM0_TLC": "B12", "ADM0_A3_US": "FLK", "ADM0_A3_FR": "FLK", "ADM0_A3_RU": "FLK", "ADM0_A3_ES": "FLK", "ADM0_A3_CN": "FLK", "ADM0_A3_TW": "FLK", "ADM0_A3_IN": "FLK", "ADM0_A3_NP": "FLK", "ADM0_A3_PK": "FLK", "ADM0_A3_DE": "FLK", "ADM0_A3_GB": "FLK", "ADM0_A3_BR": "FLK", "ADM0_A3_IL": "FLK", "ADM0_A3_PS": "FLK", "ADM0_A3_SA": "FLK", "ADM0_A3_EG": "FLK", "ADM0_A3_MA": "FLK", "ADM0_A3_PT": "FLK", "ADM0_A3_AR": "ARG", "ADM0_A3_JP": "FLK", "ADM0_A3_KO": "FLK", "ADM0_A3_VN": "FLK", "ADM0_A3_TR": "FLK", "ADM0_A3_ID": "FLK", "ADM0_A3_PL": "FLK", "ADM0_A3_GR": "FLK", "ADM0_A3_IT": "FLK", "ADM0_A3_NL": "FLK", "ADM0_A3_SE": "FLK", "ADM0_A3_BD": "FLK", "ADM0_A3_UA": "FLK", "ADM0_A3_UN": -99, "ADM0_A3_WB": -99, "CONTINENT": "South America", "REGION_UN": "Americas", "SUBREGION": "South America", "REGION_WB": "Latin America & Caribbean", "NAME_LEN": 12, "LONG_LEN": 27, "ABBREV_LEN": 8, "TINY": -99, "HOMEPART": -99, "MIN_ZOOM": 0, "MIN_LABEL": 4.5, "MAX_LABEL": 9, "LABEL_X": -58.738602, "LABEL_Y": -51.608913, "NE_ID": 1159320711, "WIKIDATAID": "Q9648", "NAME_AR": "\u062c\u0632\u0631 \u0641\u0648\u0643\u0644\u0627\u0646\u062f", "NAME_BN": "\u09ab\u0995\u09b2\u09cd\u09af\u09be\u09a8\u09cd\u09a1 \u09a6\u09cd\u09ac\u09c0\u09aa\u09aa\u09c1\u099e\u09cd\u099c", "NAME_DE": "Falklandinseln", "NAME_EN": "Falkland Islands", "NAME_ES": "Islas Malvinas", "NAME_FA": "\u062c\u0632\u0627\u06cc\u0631 \u0641\u0627\u0644\u06a9\u0644\u0646\u062f", "NAME_FR": "\u00eeles Malouines", "NAME_EL": "\u039d\u03ae\u03c3\u03bf\u03b9 \u03a6\u03ce\u03ba\u03bb\u03b1\u03bd\u03c4", "NAME_HE": "\u05d0\u05d9\u05d9 \u05e4\u05d5\u05e7\u05dc\u05e0\u05d3", "NAME_HI": "\u092b\u093c\u0949\u0915\u0932\u0948\u0902\u0921 \u0926\u094d\u0935\u0940\u092a\u0938\u092e\u0942\u0939", "NAME_HU": "Falkland-szigetek", "NAME_ID": "Kepulauan Falkland", "NAME_IT": "Isole Falkland", "NAME_JA": "\u30d5\u30a9\u30fc\u30af\u30e9\u30f3\u30c9\u8af8\u5cf6", "NAME_KO": "\ud3ec\ud074\ub79c\ub4dc \uc81c\ub3c4", "NAME_NL": "Falklandeilanden", "NAME_PL": "Falklandy", "NAME_PT": "Ilhas Malvinas", "NAME_RU": "\u0424\u043e\u043b\u043a\u043b\u0435\u043d\u0434\u0441\u043a\u0438\u0435 \u043e\u0441\u0442\u0440\u043e\u0432\u0430", "NAME_SV": "Falklands\u00f6arna", "NAME_TR": "Falkland Adalar\u0131", "NAME_UK": "\u0424\u043e\u043b\u043a\u043b\u0435\u043d\u0434\u0441\u044c\u043a\u0456 \u043e\u0441\u0442\u0440\u043e\u0432\u0438", "NAME_UR": "\u062c\u0632\u0627\u0626\u0631 \u0641\u0627\u06a9\u0644\u06cc\u0646\u0688", "NAME_VI": "Qu\u1ea7n \u0111\u1ea3o Falkland", "NAME_ZH": "\u798f\u514b\u5170\u7fa4\u5c9b", "NAME_ZHT": "\u798f\u514b\u862d\u7fa4\u5cf6", "FCLASS_ISO": "Admin-0 dependency", "TLC_DIFF": null, "FCLASS_TLC": "Admin-0 dependency", "FCLASS_US": null, "FCLASS_FR": null, "FCLASS_RU": null, "FCLASS_ES": null, "FCLASS_CN": null, "FCLASS_TW": null, "FCLASS_IN": null, "FCLASS_NP": null, "FCLASS_PK": null, "FCLASS_DE": null, "FCLASS_GB": null, "FCLASS_BR": null, "FCLASS_IL": null, "FCLASS_PS": null, "FCLASS_SA": null, "FCLASS_EG": null, "FCLASS_MA": null, "FCLASS_PT": null, "FCLASS_AR": "Unrecognized", "FCLASS_JP": null, "FCLASS_KO": null, "FCLASS_VN": null, "FCLASS_TR": null, "FCLASS_ID": null, "FCLASS_PL": null, "FCLASS_GR": null, "FCLASS_IT": null, "FCLASS_NL": null, "FCLASS_SE": null, "FCLASS_BD": null, "FCLASS_UA": null}, "bbox": [-61.2, -52.3, -57.75, -51.1], "geometry": {"type": "Polygon", "coordinates": [[[-61.2, -51.85], [-60, -51.25], [-59.15, -51.5], [-58.55, -51.1], [-57.75, -51.55], [-58.05, -51.9], [-59.4, -52.2], [-59.85, -51.85], [-60.7, -52.3], [-61.2, -51.85]]]}}, {"type": "Feature", "properties": {"featurecla": "Admin-0 country", "scalerank": 1, "LABELRANK": 2, "SOVEREIGNT": "Mexico", "SOV_A3": "MEX", "ADM0_DIF": 0, "LEVEL": 2, "TYPE": "Sovereign country", "TLC": "1", "ADMIN": "Mexico", "ADM0_A3": "MEX", "GEOU_DIF": 0, "GEOUNIT": "Mexico", "GU_A3": "MEX", "SU_DIF": 0, "SUBUNIT": "Mexico", "SU_A3": "MEX", "BRK_DIFF": 0, "NAME": "Mexico", "NAME_LONG": "Mexico", "BRK_A3": "MEX", "BRK_NAME": "Mexico", "BRK_GROUP": null, "ABBREV": "Mex.", "POSTAL": "MX", "FORMAL_EN": "United Mexican States", "FORMAL_FR": null, "NAME_CIAWF": "Mexico", "NOTE_ADM0": null, "NOTE_BRK": null, "NAME_SORT": "Mexico", "NAME_ALT": null, "MAPCOLOR7": 6, "MAPCOLOR8": 1, "MAPCOLOR9": 7, "MAPCOLOR13": 3, "POP_EST": 127575529, "POP_RANK": 17, "POP_YEAR": 2019, "GDP_MD": 1268870, "GDP_YEAR": 2019, "ECONOMY": "4. Emerging region: MIKT", "INCOME_GRP": "3. Upper middle income", "FIPS_10": "MX", "ISO_A2": "MX", "ISO_A2_EH": "MX", "ISO_A3": "MEX", "ISO_A3_EH": "MEX", "ISO_N3": "484", "ISO_N3_EH": "484", "UN_A3": "484", "WB_A2": "MX", "WB_A3": "MEX", "WOE_ID": 23424900, "WOE_ID_EH": 23424900, "WOE_NOTE": "Exact WOE match as country", "ADM0_ISO": "MEX", "ADM0_DIFF": null, "ADM0_TLC": "MEX", "ADM0_A3_US": "MEX", "ADM0_A3_FR": "MEX", "ADM0_A3_RU": "MEX", "ADM0_A3_ES": "MEX", "ADM0_A3_CN": "MEX", "ADM0_A3_TW": "MEX", "ADM0_A3_IN": "MEX", "ADM0_A3_NP": "MEX", "ADM0_A3_PK": "MEX", "ADM0_A3_DE": "MEX", "ADM0_A3_GB": "MEX", "ADM0_A3_BR": "MEX", "ADM0_A3_IL": "MEX", "ADM0_A3_PS": "MEX", "ADM0_A3_SA": "MEX", "ADM0_A3_EG": "MEX", "ADM0_A3_MA": "MEX", "ADM0_A3_PT": "MEX", "ADM0_A3_AR": "MEX", "ADM0_A3_JP": "MEX", "ADM0_A3_KO": "MEX", "ADM0_A3_VN": "MEX", "ADM0_A3_TR": "MEX", "ADM0_A3_ID": "MEX", "ADM0_A3_PL": "MEX", "ADM0_A3_GR": "MEX", "ADM0_A3_IT": "MEX", "ADM0_A3_NL": "MEX", "ADM0_A3_SE": "MEX", "ADM0_A3_BD": "MEX", "ADM0_A3_UA": "MEX", "ADM0_A3_UN": -99, "ADM0_A3_WB": -99, "CONTINENT": "North America", "REGION_UN": "Americas", "SUBREGION": "Central America", "REGION_WB": "Latin America & Caribbean", "NAME_LEN": 6, "LONG_LEN": 6, "ABBREV_LEN": 4, "TINY": -99, "HOMEPART": 1, "MIN_ZOOM": 0, "MIN_LABEL": 2, "MAX_LABEL": 6.7, "LABEL_X": -102.289448, "LABEL_Y": 23.919988, "NE_ID": 1159321055, "WIKIDATAID": "Q96", "NAME_AR": "\u0627\u0644\u0645\u0643\u0633\u064a\u0643", "NAME_BN": "\u09ae\u09c7\u0995\u09cd\u09b8\u09bf\u0995\u09cb", "NAME_DE": "Mexiko", "NAME_EN": "Mexico", "NAME_ES": "M\u00e9xico", "NAME_FA": "\u0645\u06a9\u0632\u06cc\u06a9", "NAME_FR": "Mexique", "NAME_EL": "\u039c\u03b5\u03be\u03b9\u03ba\u03cc", "NAME_HE": "\u05de\u05e7\u05e1\u05d9\u05e7\u05d5", "NAME_HI": "\u092e\u0947\u0915\u094d\u0938\u093f\u0915\u094b", "NAME_HU": "Mexik\u00f3", "NAME_ID": "Meksiko", "NAME_IT": "Messico", "NAME_JA": "\u30e1\u30ad\u30b7\u30b3", "NAME_KO": "\uba55\uc2dc\ucf54", "NAME_NL": "Mexico", "NAME_PL": "Meksyk", "NAME_PT": "M\u00e9xico", "NAME_RU": "\u041c\u0435\u043a\u0441\u0438\u043a\u0430", "NAME_SV": "Mexiko", "NAME_TR": "Meksika", "NAME_UK": "\u041c\u0435\u043a\u0441\u0438\u043a\u0430", "NAME_UR": "\u0645\u06cc\u06a9\u0633\u06cc\u06a9\u0648", "NAME_VI": "M\u00e9xico", "NAME_ZH": "\u58a8\u897f\u54e5", "NAME_ZHT": "\u58a8\u897f\u54e5", "FCLASS_ISO": "Admin-0 country", "TLC_DIFF": null, "FCLASS_TLC": "Admin-0 country", "FCLASS_US": null, "FCLASS_FR": null, "FCLASS_RU": null, "FCLASS_ES": null, "FCLASS_CN": null, "FCLASS_TW": null, "FCLASS_IN": null, "FCLASS_NP": null, "FCLASS_PK": null, "FCLASS_DE": null, "FCLASS_GB": null, "FCLASS_BR": null, "FCLASS_IL": null, "FCLASS_PS": null, "FCLASS_SA": null, "FCLASS_EG": null, "FCLASS_MA": null, "FCLASS_PT": null, "FCLASS_AR": null, "FCLASS_JP": null, "FCLASS_KO": null, "FCLASS_VN": null, "FCLASS_TR": null, "FCLASS_ID": null, "FCLASS_PL": null, "FCLASS_GR": null, "FCLASS_IT": null, "FCLASS_NL": null, "FCLASS_SE": null, "FCLASS_BD": null, "FCLASS_UA": null}, "bbox": [-117.12776, 14.538829, -86.811982, 32.72083], "geometry": {"type": "Polygon", "coordinates": [[[-117.12776, 32.53534], [-115.99135, 32.61239], [-114.72139, 32.72083], [-114.815, 32.52528], [-113.30498, 32.03914], [-111.02361, 31.33472], [-109.035, 31.34194], [-108.24194, 31.34222], [-108.24, 31.754854], [-106.50759, 31.75452], [-106.1429, 31.39995], [-105.63159, 31.08383], [-105.03737, 30.64402], [-104.70575, 30.12173], [-104.45697, 29.57196], [-103.94, 29.27], [-103.11, 28.97], [-102.48, 29.76], [-101.6624, 29.7793], [-100.9576, 29.38071], [-100.45584, 28.69612], [-100.11, 28.11], [-99.52, 27.54], [-99.3, 26.84], [-99.02, 26.37], [-98.24, 26.06], [-97.53, 25.84], [-97.140008, 25.869997], [-97.528072, 24.992144], [-97.702946, 24.272343], [-97.776042, 22.93258], [-97.872367, 22.444212], [-97.699044, 21.898689], [-97.38896, 21.411019], [-97.189333, 20.635433], [-96.525576, 19.890931], [-96.292127, 19.320371], [-95.900885, 18.828024], [-94.839063, 18.562717], [-94.42573, 18.144371], [-93.548651, 18.423837], [-92.786114, 18.524839], [-92.037348, 18.704569], [-91.407903, 18.876083], [-90.77187, 19.28412], [-90.53359, 19.867418], [-90.451476, 20.707522], [-90.278618, 20.999855], [-89.601321, 21.261726], [-88.543866, 21.493675], [-87.658417, 21.458846], [-87.05189, 21.543543], [-86.811982, 21.331515], [-86.845908, 20.849865], [-87.383291, 20.255405], [-87.621054, 19.646553], [-87.43675, 19.472403], [-87.58656, 19.04013], [-87.837191, 18.259816], [-88.090664, 18.516648], [-88.300031, 18.499982], [-88.490123, 18.486831], [-88.848344, 17.883198], [-89.029857, 18.001511], [-89.150909, 17.955468], [-89.14308, 17.808319], [-90.067934, 17.819326], [-91.00152, 17.817595], [-91.002269, 17.254658], [-91.453921, 17.252177], [-91.08167, 16.918477], [-90.711822, 16.687483], [-90.600847, 16.470778], [-90.438867, 16.41011], [-90.464473, 16.069562], [-91.74796, 16.066565], [-92.229249, 15.251447], [-92.087216, 15.064585], [-92.20323, 14.830103], [-92.22775, 14.538829], [-93.359464, 15.61543], [-93.875169, 15.940164], [-94.691656, 16.200975], [-95.250227, 16.128318], [-96.053382, 15.752088], [-96.557434, 15.653515], [-97.263592, 15.917065], [-98.01303, 16.107312], [-98.947676, 16.566043], [-99.697397, 16.706164], [-100.829499, 17.171071], [-101.666089, 17.649026], [-101.918528, 17.91609], [-102.478132, 17.975751], [-103.50099, 18.292295], [-103.917527, 18.748572], [-104.99201, 19.316134], [-105.493038, 19.946767], [-105.731396, 20.434102], [-105.397773, 20.531719], [-105.500661, 20.816895], [-105.270752, 21.076285], [-105.265817, 21.422104], [-105.603161, 21.871146], [-105.693414, 22.26908], [-106.028716, 22.773752], [-106.90998, 23.767774], [-107.915449, 24.548915], [-108.401905, 25.172314], [-109.260199, 25.580609], [-109.444089, 25.824884], [-109.291644, 26.442934], [-109.801458, 26.676176], [-110.391732, 27.162115], [-110.641019, 27.859876], [-111.178919, 27.941241], [-111.759607, 28.467953], [-112.228235, 28.954409], [-112.271824, 29.266844], [-112.809594, 30.021114], [-113.163811, 30.786881], [-113.148669, 31.170966], [-113.871881, 31.567608], [-114.205737, 31.524045], [-114.776451, 31.799532], [-114.9367, 31.393485], [-114.771232, 30.913617], [-114.673899, 30.162681], [-114.330974, 29.750432], [-113.588875, 29.061611], [-113.424053, 28.826174], [-113.271969, 28.754783], [-113.140039, 28.411289], [-112.962298, 28.42519], [-112.761587, 27.780217], [-112.457911, 27.525814], [-112.244952, 27.171727], [-111.616489, 26.662817], [-111.284675, 25.73259], [-110.987819, 25.294606], [-110.710007, 24.826004], [-110.655049, 24.298595], [-110.172856, 24.265548], [-109.771847, 23.811183], [-109.409104, 23.364672], [-109.433392, 23.185588], [-109.854219, 22.818272], [-110.031392, 22.823078], [-110.295071, 23.430973], [-110.949501, 24.000964], [-111.670568, 24.484423], [-112.182036, 24.738413], [-112.148989, 25.470125], [-112.300711, 26.012004], [-112.777297, 26.32196], [-113.464671, 26.768186], [-113.59673, 26.63946], [-113.848937, 26.900064], [-114.465747, 27.14209], [-115.055142, 27.722727], [-114.982253, 27.7982], [-114.570366, 27.741485], [-114.199329, 28.115003], [-114.162018, 28.566112], [-114.931842, 29.279479], [-115.518654, 29.556362], [-115.887365, 30.180794], [-116.25835, 30.836464], [-116.721526, 31.635744], [-117.12776, 32.53534]]]}}, {"type": "Feature", "properties": {"featurecla": "Admin-0 country", "scalerank": 1, "LABELRANK": 4, "SOVEREIGNT": "Uruguay", "SOV_A3": "URY", "ADM0_DIF": 0, "LEVEL": 2, "TYPE": "Sovereign country", "TLC": "1", "ADMIN": "Uruguay", "ADM0_A3": "URY", "GEOU_DIF": 0, "GEOUNIT": "Uruguay", "GU_A3": "URY", "SU_DIF": 0, "SUBUNIT": "Uruguay", "SU_A3": "URY", "BRK_DIFF": 0, "NAME": "Uruguay", "NAME_LONG": "Uruguay", "BRK_A3": "URY", "BRK_NAME": "Uruguay", "BRK_GROUP": null, "ABBREV": "Ury.", "POSTAL": "UY", "FORMAL_EN": "Oriental Republic of Uruguay", "FORMAL_FR": null, "NAME_CIAWF": "Uruguay", "NOTE_ADM0": null, "NOTE_BRK": null, "NAME_SORT": "Uruguay", "NAME_ALT": null, "MAPCOLOR7": 1, "MAPCOLOR8": 2, "MAPCOLOR9": 2, "MAPCOLOR13": 10, "POP_EST": 3461734, "POP_RANK": 12, "POP_YEAR": 2019, "GDP_MD": 56045, "GDP_YEAR": 2019, "ECONOMY": "5. Emerging region: G20", "INCOME_GRP": "3. Upper middle income", "FIPS_10": "UY", "ISO_A2": "UY", "ISO_A2_EH": "UY", "ISO_A3": "URY", "ISO_A3_EH": "URY", "ISO_N3": "858", "ISO_N3_EH": "858", "UN_A3": "858", "WB_A2": "UY", "WB_A3": "URY", "WOE_ID": 23424979, "WOE_ID_EH": 23424979, "WOE_NOTE": "Exact WOE match as country", "ADM0_ISO": "URY", "ADM0_DIFF": null, "ADM0_TLC": "URY", "ADM0_A3_US": "URY", "ADM0_A3_FR": "URY", "ADM0_A3_RU": "URY", "ADM0_A3_ES": "URY", "ADM0_A3_CN": "URY", "ADM0_A3_TW": "URY", "ADM0_A3_IN": "URY", "ADM0_A3_NP": "URY", "ADM0_A3_PK": "URY", "ADM0_A3_DE": "URY", "ADM0_A3_GB": "URY", "ADM0_A3_BR": "URY", "ADM0_A3_IL": "URY", "ADM0_A3_PS": "URY", "ADM0_A3_SA": "URY", "ADM0_A3_EG": "URY", "ADM0_A3_MA": "URY", "ADM0_A3_PT": "URY", "ADM0_A3_AR": "URY", "ADM0_A3_JP": "URY", "ADM0_A3_KO": "URY", "ADM0_A3_VN": "URY", "ADM0_A3_TR": "URY", "ADM0_A3_ID": "URY", "ADM0_A3_PL": "URY", "ADM0_A3_GR": "URY", "ADM0_A3_IT": "URY", "ADM0_A3_NL": "URY", "ADM0_A3_SE": "URY", "ADM0_A3_BD": "URY", "ADM0_A3_UA": "URY", "ADM0_A3_UN": -99, "ADM0_A3_WB": -99, "CONTINENT": "South America", "REGION_UN": "Americas", "SUBREGION": "South America", "REGION_WB": "Latin America & Caribbean", "NAME_LEN": 7, "LONG_LEN": 7, "ABBREV_LEN": 4, "TINY": -99, "HOMEPART": 1, "MIN_ZOOM": 0, "MIN_LABEL": 3, "MAX_LABEL": 8, "LABEL_X": -55.966942, "LABEL_Y": -32.961127, "NE_ID": 1159321353, "WIKIDATAID": "Q77", "NAME_AR": "\u0627\u0644\u0623\u0648\u0631\u0648\u063a\u0648\u0627\u064a", "NAME_BN": "\u0989\u09b0\u09c1\u0997\u09c1\u09af\u09bc\u09c7", "NAME_DE": "Uruguay", "NAME_EN": "Uruguay", "NAME_ES": "Uruguay", "NAME_FA": "\u0627\u0631\u0648\u06af\u0648\u0626\u0647", "NAME_FR": "Uruguay", "NAME_EL": "\u039f\u03c5\u03c1\u03bf\u03c5\u03b3\u03bf\u03c5\u03ac\u03b7", "NAME_HE": "\u05d0\u05d5\u05e8\u05d5\u05d2\u05d5\u05d5\u05d0\u05d9", "NAME_HI": "\u0909\u0930\u0941\u0917\u094d\u0935\u0947", "NAME_HU": "Uruguay", "NAME_ID": "Uruguay", "NAME_IT": "Uruguay", "NAME_JA": "\u30a6\u30eb\u30b0\u30a2\u30a4", "NAME_KO": "\uc6b0\ub8e8\uacfc\uc774", "NAME_NL": "Uruguay", "NAME_PL": "Urugwaj", "NAME_PT": "Uruguai", "NAME_RU": "\u0423\u0440\u0443\u0433\u0432\u0430\u0439", "NAME_SV": "Uruguay", "NAME_TR": "Uruguay", "NAME_UK": "\u0423\u0440\u0443\u0433\u0432\u0430\u0439", "NAME_UR": "\u06cc\u0648\u0631\u0627\u06af\u0648\u0626\u06d2", "NAME_VI": "Uruguay", "NAME_ZH": "\u4e4c\u62c9\u572d", "NAME_ZHT": "\u70cf\u62c9\u572d", "FCLASS_ISO": "Admin-0 country", "TLC_DIFF": null, "FCLASS_TLC": "Admin-0 country", "FCLASS_US": null, "FCLASS_FR": null, "FCLASS_RU": null, "FCLASS_ES": null, "FCLASS_CN": null, "FCLASS_TW": null, "FCLASS_IN": null, "FCLASS_NP": null, "FCLASS_PK": null, "FCLASS_DE": null, "FCLASS_GB": null, "FCLASS_BR": null, "FCLASS_IL": null, "FCLASS_PS": null, "FCLASS_SA": null, "FCLASS_EG": null, "FCLASS_MA": null, "FCLASS_PT": null, "FCLASS_AR": null, "FCLASS_JP": null, "FCLASS_KO": null, "FCLASS_VN": null, "FCLASS_TR": null, "FCLASS_ID": null, "FCLASS_PL": null, "FCLASS_GR": null, "FCLASS_IT": null, "FCLASS_NL": null, "FCLASS_SE": null, "FCLASS_BD": null, "FCLASS_UA": null}, "bbox": [-58.427074, -34.952647, -53.209589, -30.109686], "geometry": {"type": "Polygon", "coordinates": [[[-57.625133, -30.216295], [-56.976026, -30.109686], [-55.973245, -30.883076], [-55.60151, -30.853879], [-54.572452, -31.494511], [-53.787952, -32.047243], [-53.209589, -32.727666], [-53.650544, -33.202004], [-53.373662, -33.768378], [-53.806426, -34.396815], [-54.935866, -34.952647], [-55.67409, -34.752659], [-56.215297, -34.859836], [-57.139685, -34.430456], [-57.817861, -34.462547], [-58.427074, -33.909454], [-58.349611, -33.263189], [-58.132648, -33.040567], [-58.14244, -32.044504], [-57.874937, -31.016556], [-57.625133, -30.216295]]]}}, {"type": "Feature", "properties": {"featurecla": "Admin-0 country", "scalerank": 1, "LABELRANK": 2, "SOVEREIGNT": "Brazil", "SOV_A3": "BRA", "ADM0_DIF": 0, "LEVEL": 2, "TYPE": "Sovereign country", "TLC": "1", "ADMIN": "Brazil", "ADM0_A3": "BRA", "GEOU_DIF": 0, "GEOUNIT": "Brazil", "GU_A3": "BRA", "SU_DIF": 0, "SUBUNIT": "Brazil", "SU_A3": "BRA", "BRK_DIFF": 0, "NAME": "Brazil", "NAME_LONG": "Brazil", "BRK_A3": "BRA", "BRK_NAME": "Brazil", "BRK_GROUP": null, "ABBREV": "Brazil", "POSTAL": "BR", "FORMAL_EN": "Federative Republic of Brazil", "FORMAL_FR": null, "NAME_CIAWF": "Brazil", "NOTE_ADM0": null, "NOTE_BRK": null, "NAME_SORT": "Brazil", "NAME_ALT": null, "MAPCOLOR7": 5, "MAPCOLOR8": 6, "MAPCOLOR9": 5, "MAPCOLOR13": 7, "POP_EST": 211049527, "POP_RANK": 17, "POP_YEAR": 2019, "GDP_MD": 1839758, "GDP_YEAR": 2019, "ECONOMY": "3. Emerging region: BRIC", "INCOME_GRP": "3. Upper middle income", "FIPS_10": "BR", "ISO_A2": "BR", "ISO_A2_EH": "BR", "ISO_A3": "BRA", "ISO_A3_EH": "BRA", "ISO_N3": "076", "ISO_N3_EH": "076", "UN_A3": "076", "WB_A2": "BR", "WB_A3": "BRA", "WOE_ID": 23424768, "WOE_ID_EH": 23424768, "WOE_NOTE": "Exact WOE match as country", "ADM0_ISO": "BRA", "ADM0_DIFF": null, "ADM0_TLC": "BRA", "ADM0_A3_US": "BRA", "ADM0_A3_FR": "BRA", "ADM0_A3_RU": "BRA", "ADM0_A3_ES": "BRA", "ADM0_A3_CN": "BRA", "ADM0_A3_TW": "BRA", "ADM0_A3_IN": "BRA", "ADM0_A3_NP": "BRA", "ADM0_A3_PK": "BRA", "ADM0_A3_DE": "BRA", "ADM0_A3_GB": "BRA", "ADM0_A3_BR": "BRA", "ADM0_A3_IL": "BRA", "ADM0_A3_PS": "BRA", "ADM0_A3_SA": "BRA", "ADM0_A3_EG": "BRA", "ADM0_A3_MA": "BRA", "ADM0_A3_PT": "BRA", "ADM0_A3_AR": "BRA", "ADM0_A3_JP": "BRA", "ADM0_A3_KO": "BRA", "ADM0_A3_VN": "BRA", "ADM0_A3_TR": "BRA", "ADM0_A3_ID": "BRA", "ADM0_A3_PL": "BRA", "ADM0_A3_GR": "BRA", "ADM0_A3_IT": "BRA", "ADM0_A3_NL": "BRA", "ADM0_A3_SE": "BRA", "ADM0_A3_BD": "BRA", "ADM0_A3_UA": "BRA", "ADM0_A3_UN": -99, "ADM0_A3_WB": -99, "CONTINENT": "South America", "REGION_UN": "Americas", "SUBREGION": "South America", "REGION_WB": "Latin America & Caribbean", "NAME_LEN": 6, "LONG_LEN": 6, "ABBREV_LEN": 6, "TINY": -99, "HOMEPART": 1, "MIN_ZOOM": 0, "MIN_LABEL": 1.7, "MAX_LABEL": 5.7, "LABEL_X": -49.55945, "LABEL_Y": -12.098687, "NE_ID": 1159320441, "WIKIDATAID": "Q155", "NAME_AR": "\u0627\u0644\u0628\u0631\u0627\u0632\u064a\u0644", "NAME_BN": "\u09ac\u09cd\u09b0\u09be\u099c\u09bf\u09b2", "NAME_DE": "Brasilien", "NAME_EN": "Brazil", "NAME_ES": "Brasil", "NAME_FA": "\u0628\u0631\u0632\u06cc\u0644", "NAME_FR": "Br\u00e9sil", "NAME_EL": "\u0392\u03c1\u03b1\u03b6\u03b9\u03bb\u03af\u03b1", "NAME_HE": "\u05d1\u05e8\u05d6\u05d9\u05dc", "NAME_HI": "\u092c\u094d\u0930\u093e\u091c\u093c\u0940\u0932", "NAME_HU": "Braz\u00edlia", "NAME_ID": "Brasil", "NAME_IT": "Brasile", "NAME_JA": "\u30d6\u30e9\u30b8\u30eb", "NAME_KO": "\ube0c\ub77c\uc9c8", "NAME_NL": "Brazili\u00eb", "NAME_PL": "Brazylia", "NAME_PT": "Brasil", "NAME_RU": "\u0411\u0440\u0430\u0437\u0438\u043b\u0438\u044f", "NAME_SV": "Brasilien", "NAME_TR": "Brezilya", "NAME_UK": "\u0411\u0440\u0430\u0437\u0438\u043b\u0456\u044f", "NAME_UR": "\u0628\u0631\u0627\u0632\u06cc\u0644", "NAME_VI": "Brasil", "NAME_ZH": "\u5df4\u897f", "NAME_ZHT": "\u5df4\u897f", "FCLASS_ISO": "Admin-0 country", "TLC_DIFF": null, "FCLASS_TLC": "Admin-0 country", "FCLASS_US": null, "FCLASS_FR": null, "FCLASS_RU": null, "FCLASS_ES": null, "FCLASS_CN": null, "FCLASS_TW": null, "FCLASS_IN": null, "FCLASS_NP": null, "FCLASS_PK": null, "FCLASS_DE": null, "FCLASS_GB": null, "FCLASS_BR": null, "FCLASS_IL": null, "FCLASS_PS": null, "FCLASS_SA": null, "FCLASS_EG": null, "FCLASS_MA": null, "FCLASS_PT": null, "FCLASS_AR": null, "FCLASS_JP": null, "FCLASS_KO": null, "FCLASS_VN": null, "FCLASS_TR": null, "FCLASS_ID": null, "FCLASS_PL": null, "FCLASS_GR": null, "FCLASS_IT": null, "FCLASS_NL": null, "FCLASS_SE": null, "FCLASS_BD": null, "FCLASS_UA": null}, "bbox": [-73.987235, -33.768378, -34.729993, 5.244486], "geometry": {"type": "Polygon", "coordinates": [[[-53.373662, -33.768378], [-53.650544, -33.202004], [-53.209589, -32.727666], [-53.787952, -32.047243], [-54.572452, -31.494511], [-55.60151, -30.853879], [-55.973245, -30.883076], [-56.976026, -30.109686], [-57.625133, -30.216295], [-56.2909, -28.852761], [-55.162286, -27.881915], [-54.490725, -27.474757], [-53.648735, -26.923473], [-53.628349, -26.124865], [-54.13005, -25.547639], [-54.625291, -25.739255], [-54.428946, -25.162185], [-54.293476, -24.5708], [-54.29296, -24.021014], [-54.652834, -23.839578], [-55.027902, -24.001274], [-55.400747, -23.956935], [-55.517639, -23.571998], [-55.610683, -22.655619], [-55.797958, -22.35693], [-56.473317, -22.0863], [-56.88151, -22.282154], [-57.937156, -22.090176], [-57.870674, -20.732688], [-58.166392, -20.176701], [-57.853802, -19.969995], [-57.949997, -19.400004], [-57.676009, -18.96184], [-57.498371, -18.174188], [-57.734558, -17.552468], [-58.280804, -17.27171], [-58.388058, -16.877109], [-58.24122, -16.299573], [-60.15839, -16.258284], [-60.542966, -15.09391], [-60.251149, -15.077219], [-60.264326, -14.645979], [-60.459198, -14.354007], [-60.503304, -13.775955], [-61.084121, -13.479384], [-61.713204, -13.489202], [-62.127081, -13.198781], [-62.80306, -13.000653], [-63.196499, -12.627033], [-64.316353, -12.461978], [-65.402281, -11.56627], [-65.321899, -10.895872], [-65.444837, -10.511451], [-65.338435, -9.761988], [-66.646908, -9.931331], [-67.173801, -10.306812], [-68.048192, -10.712059], [-68.271254, -11.014521], [-68.786158, -11.03638], [-69.529678, -10.951734], [-70.093752, -11.123972], [-70.548686, -11.009147], [-70.481894, -9.490118], [-71.302412, -10.079436], [-72.184891, -10.053598], [-72.563033, -9.520194], [-73.226713, -9.462213], [-73.015383, -9.032833], [-73.571059, -8.424447], [-73.987235, -7.52383], [-73.723401, -7.340999], [-73.724487, -6.918595], [-73.120027, -6.629931], [-73.219711, -6.089189], [-72.964507, -5.741251], [-72.891928, -5.274561], [-71.748406, -4.593983], [-70.928843, -4.401591], [-70.794769, -4.251265], [-69.893635, -4.298187], [-69.444102, -1.556287], [-69.420486, -1.122619], [-69.577065, -0.549992], [-70.020656, -0.185156], [-70.015566, 0.541414], [-69.452396, 0.706159], [-69.252434, 0.602651], [-69.218638, 0.985677], [-69.804597, 1.089081], [-69.816973, 1.714805], [-67.868565, 1.692455], [-67.53781, 2.037163], [-67.259998, 1.719999], [-67.065048, 1.130112], [-66.876326, 1.253361], [-66.325765, 0.724452], [-65.548267, 0.789254], [-65.354713, 1.095282], [-64.611012, 1.328731], [-64.199306, 1.492855], [-64.083085, 1.916369], [-63.368788, 2.2009], [-63.422867, 2.411068], [-64.269999, 2.497006], [-64.408828, 3.126786], [-64.368494, 3.79721], [-64.816064, 4.056445], [-64.628659, 4.148481], [-63.888343, 4.02053], [-63.093198, 3.770571], [-62.804533, 4.006965], [-62.08543, 4.162124], [-60.966893, 4.536468], [-60.601179, 4.918098], [-60.733574, 5.200277], [-60.213683, 5.244486], [-59.980959, 5.014061], [-60.111002, 4.574967], [-59.767406, 4.423503], [-59.53804, 3.958803], [-59.815413, 3.606499], [-59.974525, 2.755233], [-59.718546, 2.24963], [-59.646044, 1.786894], [-59.030862, 1.317698], [-58.540013, 1.268088], [-58.429477, 1.463942], [-58.11345, 1.507195], [-57.660971, 1.682585], [-57.335823, 1.948538], [-56.782704, 1.863711], [-56.539386, 1.899523], [-55.995698, 1.817667], [-55.9056, 2.021996], [-56.073342, 2.220795], [-55.973322, 2.510364], [-55.569755, 2.421506], [-55.097587, 2.523748], [-54.524754, 2.311849], [-54.088063, 2.105557], [-53.778521, 2.376703], [-53.554839, 2.334897], [-53.418465, 2.053389], [-52.939657, 2.124858], [-52.556425, 2.504705], [-52.249338, 3.241094], [-51.657797, 4.156232], [-51.317146, 4.203491], [-51.069771, 3.650398], [-50.508875, 1.901564], [-49.974076, 1.736483], [-49.947101, 1.04619], [-50.699251, 0.222984], [-50.388211, -0.078445], [-48.620567, -0.235489], [-48.584497, -1.237805], [-47.824956, -0.581618], [-46.566584, -0.941028], [-44.905703, -1.55174], [-44.417619, -2.13775], [-44.581589, -2.691308], [-43.418791, -2.38311], [-41.472657, -2.912018], [-39.978665, -2.873054], [-38.500383, -3.700652], [-37.223252, -4.820946], [-36.452937, -5.109404], [-35.597796, -5.149504], [-35.235389, -5.464937], [-34.89603, -6.738193], [-34.729993, -7.343221], [-35.128212, -8.996401], [-35.636967, -9.649282], [-37.046519, -11.040721], [-37.683612, -12.171195], [-38.423877, -13.038119], [-38.673887, -13.057652], [-38.953276, -13.79337], [-38.882298, -15.667054], [-39.161092, -17.208407], [-39.267339, -17.867746], [-39.583521, -18.262296], [-39.760823, -19.599113], [-40.774741, -20.904512], [-40.944756, -21.937317], [-41.754164, -22.370676], [-41.988284, -22.97007], [-43.074704, -22.967693], [-44.647812, -23.351959], [-45.352136, -23.796842], [-46.472093, -24.088969], [-47.648972, -24.885199], [-48.495458, -25.877025], [-48.641005, -26.623698], [-48.474736, -27.175912], [-48.66152, -28.186135], [-48.888457, -28.674115], [-49.587329, -29.224469], [-50.696874, -30.984465], [-51.576226, -31.777698], [-52.256081, -32.24537], [-52.7121, -33.196578], [-53.373662, -33.768378]]]}}, {"type": "Feature", "properties": {"featurecla": "Admin-0 country", "scalerank": 1, "LABELRANK": 3, "SOVEREIGNT": "Bolivia", "SOV_A3": "BOL", "ADM0_DIF": 0, "LEVEL": 2, "TYPE": "Sovereign country", "TLC": "1", "ADMIN": "Bolivia", "ADM0_A3": "BOL", "GEOU_DIF": 0, "GEOUNIT": "Bolivia", "GU_A3": "BOL", "SU_DIF": 0, "SUBUNIT": "Bolivia", "SU_A3": "BOL", "BRK_DIFF": 0, "NAME": "Bolivia", "NAME_LONG": "Bolivia", "BRK_A3": "BOL", "BRK_NAME": "Bolivia", "BRK_GROUP": null, "ABBREV": "Bolivia", "POSTAL": "BO", "FORMAL_EN": "Plurinational State of Bolivia", "FORMAL_FR": null, "NAME_CIAWF": "Bolivia", "NOTE_ADM0": null, "NOTE_BRK": null, "NAME_SORT": "Bolivia", "NAME_ALT": null, "MAPCOLOR7": 1, "MAPCOLOR8": 5, "MAPCOLOR9": 2, "MAPCOLOR13": 3, "POP_EST": 11513100, "POP_RANK": 14, "POP_YEAR": 2019, "GDP_MD": 40895, "GDP_YEAR": 2019, "ECONOMY": "5. Emerging region: G20", "INCOME_GRP": "4. Lower middle income", "FIPS_10": "BL", "ISO_A2": "BO", "ISO_A2_EH": "BO", "ISO_A3": "BOL", "ISO_A3_EH": "BOL", "ISO_N3": "068", "ISO_N3_EH": "068", "UN_A3": "068", "WB_A2": "BO", "WB_A3": "BOL", "WOE_ID": 23424762, "WOE_ID_EH": 23424762, "WOE_NOTE": "Exact WOE match as country", "ADM0_ISO": "BOL", "ADM0_DIFF": null, "ADM0_TLC": "BOL", "ADM0_A3_US": "BOL", "ADM0_A3_FR": "BOL", "ADM0_A3_RU": "BOL", "ADM0_A3_ES": "BOL", "ADM0_A3_CN": "BOL", "ADM0_A3_TW": "BOL", "ADM0_A3_IN": "BOL", "ADM0_A3_NP": "BOL", "ADM0_A3_PK": "BOL", "ADM0_A3_DE": "BOL", "ADM0_A3_GB": "BOL", "ADM0_A3_BR": "BOL", "ADM0_A3_IL": "BOL", "ADM0_A3_PS": "BOL", "ADM0_A3_SA": "BOL", "ADM0_A3_EG": "BOL", "ADM0_A3_MA": "BOL", "ADM0_A3_PT": "BOL", "ADM0_A3_AR": "BOL", "ADM0_A3_JP": "BOL", "ADM0_A3_KO": "BOL", "ADM0_A3_VN": "BOL", "ADM0_A3_TR": "BOL", "ADM0_A3_ID": "BOL", "ADM0_A3_PL": "BOL", "ADM0_A3_GR": "BOL", "ADM0_A3_IT": "BOL", "ADM0_A3_NL": "BOL", "ADM0_A3_SE": "BOL", "ADM0_A3_BD": "BOL", "ADM0_A3_UA": "BOL", "ADM0_A3_UN": -99, "ADM0_A3_WB": -99, "CONTINENT": "South America", "REGION_UN": "Americas", "SUBREGION": "South America", "REGION_WB": "Latin America & Caribbean", "NAME_LEN": 7, "LONG_LEN": 7, "ABBREV_LEN": 7, "TINY": -99, "HOMEPART": 1, "MIN_ZOOM": 0, "MIN_LABEL": 3, "MAX_LABEL": 7.5, "LABEL_X": -64.593433, "LABEL_Y": -16.666015, "NE_ID": 1159320439, "WIKIDATAID": "Q750", "NAME_AR": "\u0628\u0648\u0644\u064a\u0641\u064a\u0627", "NAME_BN": "\u09ac\u09b2\u09bf\u09ad\u09bf\u09af\u09bc\u09be", "NAME_DE": "Bolivien", "NAME_EN": "Bolivia", "NAME_ES": "Bolivia", "NAME_FA": "\u0628\u0648\u0644\u06cc\u0648\u06cc", "NAME_FR": "Bolivie", "NAME_EL": "\u0392\u03bf\u03bb\u03b9\u03b2\u03af\u03b1", "NAME_HE": "\u05d1\u05d5\u05dc\u05d9\u05d1\u05d9\u05d4", "NAME_HI": "\u092c\u094b\u0932\u093f\u0935\u093f\u092f\u093e", "NAME_HU": "Bol\u00edvia", "NAME_ID": "Bolivia", "NAME_IT": "Bolivia", "NAME_JA": "\u30dc\u30ea\u30d3\u30a2", "NAME_KO": "\ubcfc\ub9ac\ube44\uc544", "NAME_NL": "Bolivia", "NAME_PL": "Boliwia", "NAME_PT": "Bol\u00edvia", "NAME_RU": "\u0411\u043e\u043b\u0438\u0432\u0438\u044f", "NAME_SV": "Bolivia", "NAME_TR": "Bolivya", "NAME_UK": "\u0411\u043e\u043b\u0456\u0432\u0456\u044f", "NAME_UR": "\u0628\u0648\u0644\u06cc\u0648\u06cc\u0627", "NAME_VI": "Bolivia", "NAME_ZH": "\u73bb\u5229\u7ef4\u4e9a", "NAME_ZHT": "\u73bb\u5229\u7dad\u4e9e", "FCLASS_ISO": "Admin-0 country", "TLC_DIFF": null, "FCLASS_TLC": "Admin-0 country", "FCLASS_US": null, "FCLASS_FR": null, "FCLASS_RU": null, "FCLASS_ES": null, "FCLASS_CN": null, "FCLASS_TW": null, "FCLASS_IN": null, "FCLASS_NP": null, "FCLASS_PK": null, "FCLASS_DE": null, "FCLASS_GB": null, "FCLASS_BR": null, "FCLASS_IL": null, "FCLASS_PS": null, "FCLASS_SA": null, "FCLASS_EG": null, "FCLASS_MA": null, "FCLASS_PT": null, "FCLASS_AR": null, "FCLASS_JP": null, "FCLASS_KO": null, "FCLASS_VN": null, "FCLASS_TR": null, "FCLASS_ID": null, "FCLASS_PL": null, "FCLASS_GR": null, "FCLASS_IT": null, "FCLASS_NL": null, "FCLASS_SE": null, "FCLASS_BD": null, "FCLASS_UA": null}, "bbox": [-69.590424, -22.872919, -57.498371, -9.761988], "geometry": {"type": "Polygon", "coordinates": [[[-69.529678, -10.951734], [-68.786158, -11.03638], [-68.271254, -11.014521], [-68.048192, -10.712059], [-67.173801, -10.306812], [-66.646908, -9.931331], [-65.338435, -9.761988], [-65.444837, -10.511451], [-65.321899, -10.895872], [-65.402281, -11.56627], [-64.316353, -12.461978], [-63.196499, -12.627033], [-62.80306, -13.000653], [-62.127081, -13.198781], [-61.713204, -13.489202], [-61.084121, -13.479384], [-60.503304, -13.775955], [-60.459198, -14.354007], [-60.264326, -14.645979], [-60.251149, -15.077219], [-60.542966, -15.09391], [-60.15839, -16.258284], [-58.24122, -16.299573], [-58.388058, -16.877109], [-58.280804, -17.27171], [-57.734558, -17.552468], [-57.498371, -18.174188], [-57.676009, -18.96184], [-57.949997, -19.400004], [-57.853802, -19.969995], [-58.166392, -20.176701], [-58.183471, -19.868399], [-59.115042, -19.356906], [-60.043565, -19.342747], [-61.786326, -19.633737], [-62.265961, -20.513735], [-62.291179, -21.051635], [-62.685057, -22.249029], [-62.846468, -22.034985], [-63.986838, -21.993644], [-64.377021, -22.798091], [-64.964892, -22.075862], [-66.273339, -21.83231], [-67.106674, -22.735925], [-67.82818, -22.872919], [-68.219913, -21.494347], [-68.757167, -20.372658], [-68.442225, -19.405068], [-68.966818, -18.981683], [-69.100247, -18.260125], [-69.590424, -17.580012], [-68.959635, -16.500698], [-69.389764, -15.660129], [-69.160347, -15.323974], [-69.339535, -14.953195], [-68.948887, -14.453639], [-68.929224, -13.602684], [-68.88008, -12.899729], [-68.66508, -12.5613], [-69.529678, -10.951734]]]}}, {"type": "Feature", "properties": {"featurecla": "Admin-0 country", "scalerank": 1, "LABELRANK": 2, "SOVEREIGNT": "Peru", "SOV_A3": "PER", "ADM0_DIF": 0, "LEVEL": 2, "TYPE": "Sovereign country", "TLC": "1", "ADMIN": "Peru", "ADM0_A3": "PER", "GEOU_DIF": 0, "GEOUNIT": "Peru", "GU_A3": "PER", "SU_DIF": 0, "SUBUNIT": "Peru", "SU_A3": "PER", "BRK_DIFF": 0, "NAME": "Peru", "NAME_LONG": "Peru", "BRK_A3": "PER", "BRK_NAME": "Peru", "BRK_GROUP": null, "ABBREV": "Peru", "POSTAL": "PE", "FORMAL_EN": "Republic of Peru", "FORMAL_FR": null, "NAME_CIAWF": "Peru", "NOTE_ADM0": null, "NOTE_BRK": null, "NAME_SORT": "Peru", "NAME_ALT": null, "MAPCOLOR7": 4, "MAPCOLOR8": 4, "MAPCOLOR9": 4, "MAPCOLOR13": 11, "POP_EST": 32510453, "POP_RANK": 15, "POP_YEAR": 2019, "GDP_MD": 226848, "GDP_YEAR": 2019, "ECONOMY": "5. Emerging region: G20", "INCOME_GRP": "3. Upper middle income", "FIPS_10": "PE", "ISO_A2": "PE", "ISO_A2_EH": "PE", "ISO_A3": "PER", "ISO_A3_EH": "PER", "ISO_N3": "604", "ISO_N3_EH": "604", "UN_A3": "604", "WB_A2": "PE", "WB_A3": "PER", "WOE_ID": 23424919, "WOE_ID_EH": 23424919, "WOE_NOTE": "Exact WOE match as country", "ADM0_ISO": "PER", "ADM0_DIFF": null, "ADM0_TLC": "PER", "ADM0_A3_US": "PER", "ADM0_A3_FR": "PER", "ADM0_A3_RU": "PER", "ADM0_A3_ES": "PER", "ADM0_A3_CN": "PER", "ADM0_A3_TW": "PER", "ADM0_A3_IN": "PER", "ADM0_A3_NP": "PER", "ADM0_A3_PK": "PER", "ADM0_A3_DE": "PER", "ADM0_A3_GB": "PER", "ADM0_A3_BR": "PER", "ADM0_A3_IL": "PER", "ADM0_A3_PS": "PER", "ADM0_A3_SA": "PER", "ADM0_A3_EG": "PER", "ADM0_A3_MA": "PER", "ADM0_A3_PT": "PER", "ADM0_A3_AR": "PER", "ADM0_A3_JP": "PER", "ADM0_A3_KO": "PER", "ADM0_A3_VN": "PER", "ADM0_A3_TR": "PER", "ADM0_A3_ID": "PER", "ADM0_A3_PL": "PER", "ADM0_A3_GR": "PER", "ADM0_A3_IT": "PER", "ADM0_A3_NL": "PER", "ADM0_A3_SE": "PER", "ADM0_A3_BD": "PER", "ADM0_A3_UA": "PER", "ADM0_A3_UN": -99, "ADM0_A3_WB": -99, "CONTINENT": "South America", "REGION_UN": "Americas", "SUBREGION": "South America", "REGION_WB": "Latin America & Caribbean", "NAME_LEN": 4, "LONG_LEN": 4, "ABBREV_LEN": 4, "TINY": -99, "HOMEPART": 1, "MIN_ZOOM": 0, "MIN_LABEL": 2, "MAX_LABEL": 7, "LABEL_X": -72.90016, "LABEL_Y": -12.976679, "NE_ID": 1159321163, "WIKIDATAID": "Q419", "NAME_AR": "\u0628\u064a\u0631\u0648", "NAME_BN": "\u09aa\u09c7\u09b0\u09c1", "NAME_DE": "Peru", "NAME_EN": "Peru", "NAME_ES": "Per\u00fa", "NAME_FA": "\u067e\u0631\u0648", "NAME_FR": "P\u00e9rou", "NAME_EL": "\u03a0\u03b5\u03c1\u03bf\u03cd", "NAME_HE": "\u05e4\u05e8\u05d5", "NAME_HI": "\u092a\u0947\u0930\u0942", "NAME_HU": "Peru", "NAME_ID": "Peru", "NAME_IT": "Per\u00f9", "NAME_JA": "\u30da\u30eb\u30fc", "NAME_KO": "\ud398\ub8e8", "NAME_NL": "Peru", "NAME_PL": "Peru", "NAME_PT": "Peru", "NAME_RU": "\u041f\u0435\u0440\u0443", "NAME_SV": "Peru", "NAME_TR": "Peru", "NAME_UK": "\u041f\u0435\u0440\u0443", "NAME_UR": "\u067e\u06cc\u0631\u0648", "NAME_VI": "Peru", "NAME_ZH": "\u79d8\u9c81", "NAME_ZHT": "\u79d8\u9b6f", "FCLASS_ISO": "Admin-0 country", "TLC_DIFF": null, "FCLASS_TLC": "Admin-0 country", "FCLASS_US": null, "FCLASS_FR": null, "FCLASS_RU": null, "FCLASS_ES": null, "FCLASS_CN": null, "FCLASS_TW": null, "FCLASS_IN": null, "FCLASS_NP": null, "FCLASS_PK": null, "FCLASS_DE": null, "FCLASS_GB": null, "FCLASS_BR": null, "FCLASS_IL": null, "FCLASS_PS": null, "FCLASS_SA": null, "FCLASS_EG": null, "FCLASS_MA": null, "FCLASS_PT": null, "FCLASS_AR": null, "FCLASS_JP": null, "FCLASS_KO": null, "FCLASS_VN": null, "FCLASS_TR": null, "FCLASS_ID": null, "FCLASS_PL": null, "FCLASS_GR": null, "FCLASS_IT": null, "FCLASS_NL": null, "FCLASS_SE": null, "FCLASS_BD": null, "FCLASS_UA": null}, "bbox": [-81.410943, -18.347975, -68.66508, -0.057205], "geometry": {"type": "Polygon", "coordinates": [[[-69.893635, -4.298187], [-70.794769, -4.251265], [-70.928843, -4.401591], [-71.748406, -4.593983], [-72.891928, -5.274561], [-72.964507, -5.741251], [-73.219711, -6.089189], [-73.120027, -6.629931], [-73.724487, -6.918595], [-73.723401, -7.340999], [-73.987235, -7.52383], [-73.571059, -8.424447], [-73.015383, -9.032833], [-73.226713, -9.462213], [-72.563033, -9.520194], [-72.184891, -10.053598], [-71.302412, -10.079436], [-70.481894, -9.490118], [-70.548686, -11.009147], [-70.093752, -11.123972], [-69.529678, -10.951734], [-68.66508, -12.5613], [-68.88008, -12.899729], [-68.929224, -13.602684], [-68.948887, -14.453639], [-69.339535, -14.953195], [-69.160347, -15.323974], [-69.389764, -15.660129], [-68.959635, -16.500698], [-69.590424, -17.580012], [-69.858444, -18.092694], [-70.372572, -18.347975], [-71.37525, -17.773799], [-71.462041, -17.363488], [-73.44453, -16.359363], [-75.237883, -15.265683], [-76.009205, -14.649286], [-76.423469, -13.823187], [-76.259242, -13.535039], [-77.106192, -12.222716], [-78.092153, -10.377712], [-79.036953, -8.386568], [-79.44592, -7.930833], [-79.760578, -7.194341], [-80.537482, -6.541668], [-81.249996, -6.136834], [-80.926347, -5.690557], [-81.410943, -4.736765], [-81.09967, -4.036394], [-80.302561, -3.404856], [-80.184015, -3.821162], [-80.469295, -4.059287], [-80.442242, -4.425724], [-80.028908, -4.346091], [-79.624979, -4.454198], [-79.205289, -4.959129], [-78.639897, -4.547784], [-78.450684, -3.873097], [-77.837905, -3.003021], [-76.635394, -2.608678], [-75.544996, -1.56161], [-75.233723, -0.911417], [-75.373223, -0.152032], [-75.106625, -0.057205], [-74.441601, -0.53082], [-74.122395, -1.002833], [-73.659504, -1.260491], [-73.070392, -2.308954], [-72.325787, -2.434218], [-71.774761, -2.16979], [-71.413646, -2.342802], [-70.813476, -2.256865], [-70.047709, -2.725156], [-70.692682, -3.742872], [-70.394044, -3.766591], [-69.893635, -4.298187]]]}}, {"type": "Feature", "properties": {"featurecla": "Admin-0 country", "scalerank": 1, "LABELRANK": 2, "SOVEREIGNT": "Colombia", "SOV_A3": "COL", "ADM0_DIF": 0, "LEVEL": 2, "TYPE": "Sovereign country", "TLC": "1", "ADMIN": "Colombia", "ADM0_A3": "COL", "GEOU_DIF": 0, "GEOUNIT": "Colombia", "GU_A3": "COL", "SU_DIF": 0, "SUBUNIT": "Colombia", "SU_A3": "COL", "BRK_DIFF": 0, "NAME": "Colombia", "NAME_LONG": "Colombia", "BRK_A3": "COL", "BRK_NAME": "Colombia", "BRK_GROUP": null, "ABBREV": "Col.", "POSTAL": "CO", "FORMAL_EN": "Republic of Colombia", "FORMAL_FR": null, "NAME_CIAWF": "Colombia", "NOTE_ADM0": null, "NOTE_BRK": null, "NAME_SORT": "Colombia", "NAME_ALT": null, "MAPCOLOR7": 2, "MAPCOLOR8": 1, "MAPCOLOR9": 3, "MAPCOLOR13": 1, "POP_EST": 50339443, "POP_RANK": 16, "POP_YEAR": 2019, "GDP_MD": 323615, "GDP_YEAR": 2019, "ECONOMY": "6. Developing region", "INCOME_GRP": "3. Upper middle income", "FIPS_10": "CO", "ISO_A2": "CO", "ISO_A2_EH": "CO", "ISO_A3": "COL", "ISO_A3_EH": "COL", "ISO_N3": "170", "ISO_N3_EH": "170", "UN_A3": "170", "WB_A2": "CO", "WB_A3": "COL", "WOE_ID": 23424787, "WOE_ID_EH": 23424787, "WOE_NOTE": "Exact WOE match as country", "ADM0_ISO": "COL", "ADM0_DIFF": null, "ADM0_TLC": "COL", "ADM0_A3_US": "COL", "ADM0_A3_FR": "COL", "ADM0_A3_RU": "COL", "ADM0_A3_ES": "COL", "ADM0_A3_CN": "COL", "ADM0_A3_TW": "COL", "ADM0_A3_IN": "COL", "ADM0_A3_NP": "COL", "ADM0_A3_PK": "COL", "ADM0_A3_DE": "COL", "ADM0_A3_GB": "COL", "ADM0_A3_BR": "COL", "ADM0_A3_IL": "COL", "ADM0_A3_PS": "COL", "ADM0_A3_SA": "COL", "ADM0_A3_EG": "COL", "ADM0_A3_MA": "COL", "ADM0_A3_PT": "COL", "ADM0_A3_AR": "COL", "ADM0_A3_JP": "COL", "ADM0_A3_KO": "COL", "ADM0_A3_VN": "COL", "ADM0_A3_TR": "COL", "ADM0_A3_ID": "COL", "ADM0_A3_PL": "COL", "ADM0_A3_GR": "COL", "ADM0_A3_IT": "COL", "ADM0_A3_NL": "COL", "ADM0_A3_SE": "COL", "ADM0_A3_BD": "COL", "ADM0_A3_UA": "COL", "ADM0_A3_UN": -99, "ADM0_A3_WB": -99, "CONTINENT": "South America", "REGION_UN": "Americas", "SUBREGION": "South America", "REGION_WB": "Latin America & Caribbean", "NAME_LEN": 8, "LONG_LEN": 8, "ABBREV_LEN": 4, "TINY": -99, "HOMEPART": 1, "MIN_ZOOM": 0, "MIN_LABEL": 3, "MAX_LABEL": 7, "LABEL_X": -73.174347, "LABEL_Y": 3.373111, "NE_ID": 1159320517, "WIKIDATAID": "Q739", "NAME_AR": "\u0643\u0648\u0644\u0648\u0645\u0628\u064a\u0627", "NAME_BN": "\u0995\u09b2\u09ae\u09cd\u09ac\u09bf\u09af\u09bc\u09be", "NAME_DE": "Kolumbien", "NAME_EN": "Colombia", "NAME_ES": "Colombia", "NAME_FA": "\u06a9\u0644\u0645\u0628\u06cc\u0627", "NAME_FR": "Colombie", "NAME_EL": "\u039a\u03bf\u03bb\u03bf\u03bc\u03b2\u03af\u03b1", "NAME_HE": "\u05e7\u05d5\u05dc\u05d5\u05de\u05d1\u05d9\u05d4", "NAME_HI": "\u0915\u094b\u0932\u092e\u094d\u092c\u093f\u092f\u093e", "NAME_HU": "Kolumbia", "NAME_ID": "Kolombia", "NAME_IT": "Colombia", "NAME_JA": "\u30b3\u30ed\u30f3\u30d3\u30a2", "NAME_KO": "\ucf5c\ub86c\ube44\uc544", "NAME_NL": "Colombia", "NAME_PL": "Kolumbia", "NAME_PT": "Col\u00f4mbia", "NAME_RU": "\u041a\u043e\u043b\u0443\u043c\u0431\u0438\u044f", "NAME_SV": "Colombia", "NAME_TR": "Kolombiya", "NAME_UK": "\u041a\u043e\u043b\u0443\u043c\u0431\u0456\u044f", "NAME_UR": "\u06a9\u0648\u0644\u0645\u0628\u06cc\u0627", "NAME_VI": "Colombia", "NAME_ZH": "\u54e5\u4f26\u6bd4\u4e9a", "NAME_ZHT": "\u54e5\u502b\u6bd4\u4e9e", "FCLASS_ISO": "Admin-0 country", "TLC_DIFF": null, "FCLASS_TLC": "Admin-0 country", "FCLASS_US": null, "FCLASS_FR": null, "FCLASS_RU": null, "FCLASS_ES": null, "FCLASS_CN": null, "FCLASS_TW": null, "FCLASS_IN": null, "FCLASS_NP": null, "FCLASS_PK": null, "FCLASS_DE": null, "FCLASS_GB": null, "FCLASS_BR": null, "FCLASS_IL": null, "FCLASS_PS": null, "FCLASS_SA": null, "FCLASS_EG": null, "FCLASS_MA": null, "FCLASS_PT": null, "FCLASS_AR": null, "FCLASS_JP": null, "FCLASS_KO": null, "FCLASS_VN": null, "FCLASS_TR": null, "FCLASS_ID": null, "FCLASS_PL": null, "FCLASS_GR": null, "FCLASS_IT": null, "FCLASS_NL": null, "FCLASS_SE": null, "FCLASS_BD": null, "FCLASS_UA": null}, "bbox": [-78.990935, -4.298187, -66.876326, 12.437303], "geometry": {"type": "Polygon", "coordinates": [[[-66.876326, 1.253361], [-67.065048, 1.130112], [-67.259998, 1.719999], [-67.53781, 2.037163], [-67.868565, 1.692455], [-69.816973, 1.714805], [-69.804597, 1.089081], [-69.218638, 0.985677], [-69.252434, 0.602651], [-69.452396, 0.706159], [-70.015566, 0.541414], [-70.020656, -0.185156], [-69.577065, -0.549992], [-69.420486, -1.122619], [-69.444102, -1.556287], [-69.893635, -4.298187], [-70.394044, -3.766591], [-70.692682, -3.742872], [-70.047709, -2.725156], [-70.813476, -2.256865], [-71.413646, -2.342802], [-71.774761, -2.16979], [-72.325787, -2.434218], [-73.070392, -2.308954], [-73.659504, -1.260491], [-74.122395, -1.002833], [-74.441601, -0.53082], [-75.106625, -0.057205], [-75.373223, -0.152032], [-75.801466, 0.084801], [-76.292314, 0.416047], [-76.57638, 0.256936], [-77.424984, 0.395687], [-77.668613, 0.825893], [-77.855061, 0.809925], [-78.855259, 1.380924], [-78.990935, 1.69137], [-78.617831, 1.766404], [-78.662118, 2.267355], [-78.42761, 2.629556], [-77.931543, 2.696606], [-77.510431, 3.325017], [-77.12769, 3.849636], [-77.496272, 4.087606], [-77.307601, 4.667984], [-77.533221, 5.582812], [-77.318815, 5.845354], [-77.476661, 6.691116], [-77.881571, 7.223771], [-77.753414, 7.70984], [-77.431108, 7.638061], [-77.242566, 7.935278], [-77.474723, 8.524286], [-77.353361, 8.670505], [-76.836674, 8.638749], [-76.086384, 9.336821], [-75.6746, 9.443248], [-75.664704, 9.774003], [-75.480426, 10.61899], [-74.906895, 11.083045], [-74.276753, 11.102036], [-74.197223, 11.310473], [-73.414764, 11.227015], [-72.627835, 11.731972], [-72.238195, 11.95555], [-71.75409, 12.437303], [-71.399822, 12.376041], [-71.137461, 12.112982], [-71.331584, 11.776284], [-71.973922, 11.608672], [-72.227575, 11.108702], [-72.614658, 10.821975], [-72.905286, 10.450344], [-73.027604, 9.73677], [-73.304952, 9.152], [-72.78873, 9.085027], [-72.660495, 8.625288], [-72.439862, 8.405275], [-72.360901, 8.002638], [-72.479679, 7.632506], [-72.444487, 7.423785], [-72.198352, 7.340431], [-71.960176, 6.991615], [-70.674234, 7.087785], [-70.093313, 6.960376], [-69.38948, 6.099861], [-68.985319, 6.206805], [-68.265052, 6.153268], [-67.695087, 6.267318], [-67.34144, 6.095468], [-67.521532, 5.55687], [-67.744697, 5.221129], [-67.823012, 4.503937], [-67.621836, 3.839482], [-67.337564, 3.542342], [-67.303173, 3.318454], [-67.809938, 2.820655], [-67.447092, 2.600281], [-67.181294, 2.250638], [-66.876326, 1.253361]]]}}, {"type": "Feature", "properties": {"featurecla": "Admin-0 country", "scalerank": 1, "LABELRANK": 4, "SOVEREIGNT": "Panama", "SOV_A3": "PAN", "ADM0_DIF": 0, "LEVEL": 2, "TYPE": "Sovereign country", "TLC": "1", "ADMIN": "Panama", "ADM0_A3": "PAN", "GEOU_DIF": 0, "GEOUNIT": "Panama", "GU_A3": "PAN", "SU_DIF": 0, "SUBUNIT": "Panama", "SU_A3": "PAN", "BRK_DIFF": 0, "NAME": "Panama", "NAME_LONG": "Panama", "BRK_A3": "PAN", "BRK_NAME": "Panama", "BRK_GROUP": null, "ABBREV": "Pan.", "POSTAL": "PA", "FORMAL_EN": "Republic of Panama", "FORMAL_FR": null, "NAME_CIAWF": "Panama", "NOTE_ADM0": null, "NOTE_BRK": null, "NAME_SORT": "Panama", "NAME_ALT": null, "MAPCOLOR7": 4, "MAPCOLOR8": 4, "MAPCOLOR9": 6, "MAPCOLOR13": 3, "POP_EST": 4246439, "POP_RANK": 12, "POP_YEAR": 2019, "GDP_MD": 66800, "GDP_YEAR": 2019, "ECONOMY": "6. Developing region", "INCOME_GRP": "3. Upper middle income", "FIPS_10": "PM", "ISO_A2": "PA", "ISO_A2_EH": "PA", "ISO_A3": "PAN", "ISO_A3_EH": "PAN", "ISO_N3": "591", "ISO_N3_EH": "591", "UN_A3": "591", "WB_A2": "PA", "WB_A3": "PAN", "WOE_ID": 23424924, "WOE_ID_EH": 23424924, "WOE_NOTE": "Exact WOE match as country", "ADM0_ISO": "PAN", "ADM0_DIFF": null, "ADM0_TLC": "PAN", "ADM0_A3_US": "PAN", "ADM0_A3_FR": "PAN", "ADM0_A3_RU": "PAN", "ADM0_A3_ES": "PAN", "ADM0_A3_CN": "PAN", "ADM0_A3_TW": "PAN", "ADM0_A3_IN": "PAN", "ADM0_A3_NP": "PAN", "ADM0_A3_PK": "PAN", "ADM0_A3_DE": "PAN", "ADM0_A3_GB": "PAN", "ADM0_A3_BR": "PAN", "ADM0_A3_IL": "PAN", "ADM0_A3_PS": "PAN", "ADM0_A3_SA": "PAN", "ADM0_A3_EG": "PAN", "ADM0_A3_MA": "PAN", "ADM0_A3_PT": "PAN", "ADM0_A3_AR": "PAN", "ADM0_A3_JP": "PAN", "ADM0_A3_KO": "PAN", "ADM0_A3_VN": "PAN", "ADM0_A3_TR": "PAN", "ADM0_A3_ID": "PAN", "ADM0_A3_PL": "PAN", "ADM0_A3_GR": "PAN", "ADM0_A3_IT": "PAN", "ADM0_A3_NL": "PAN", "ADM0_A3_SE": "PAN", "ADM0_A3_BD": "PAN", "ADM0_A3_UA": "PAN", "ADM0_A3_UN": -99, "ADM0_A3_WB": -99, "CONTINENT": "North America", "REGION_UN": "Americas", "SUBREGION": "Central America", "REGION_WB": "Latin America & Caribbean", "NAME_LEN": 6, "LONG_LEN": 6, "ABBREV_LEN": 4, "TINY": -99, "HOMEPART": 1, "MIN_ZOOM": 0, "MIN_LABEL": 4, "MAX_LABEL": 9, "LABEL_X": -80.352106, "LABEL_Y": 8.72198, "NE_ID": 1159321161, "WIKIDATAID": "Q804", "NAME_AR": "\u0628\u0646\u0645\u0627", "NAME_BN": "\u09aa\u09be\u09a8\u09be\u09ae\u09be", "NAME_DE": "Panama", "NAME_EN": "Panama", "NAME_ES": "Panam\u00e1", "NAME_FA": "\u067e\u0627\u0646\u0627\u0645\u0627", "NAME_FR": "Panama", "NAME_EL": "\u03a0\u03b1\u03bd\u03b1\u03bc\u03ac\u03c2", "NAME_HE": "\u05e4\u05e0\u05de\u05d4", "NAME_HI": "\u092a\u0928\u093e\u092e\u093e", "NAME_HU": "Panama", "NAME_ID": "Panama", "NAME_IT": "Panama", "NAME_JA": "\u30d1\u30ca\u30de", "NAME_KO": "\ud30c\ub098\ub9c8", "NAME_NL": "Panama", "NAME_PL": "Panama", "NAME_PT": "Panam\u00e1", "NAME_RU": "\u041f\u0430\u043d\u0430\u043c\u0430", "NAME_SV": "Panama", "NAME_TR": "Panama", "NAME_UK": "\u041f\u0430\u043d\u0430\u043c\u0430", "NAME_UR": "\u067e\u0627\u0646\u0627\u0645\u0627", "NAME_VI": "Panama", "NAME_ZH": "\u5df4\u62ff\u9a6c", "NAME_ZHT": "\u5df4\u62ff\u99ac", "FCLASS_ISO": "Admin-0 country", "TLC_DIFF": null, "FCLASS_TLC": "Admin-0 country", "FCLASS_US": null, "FCLASS_FR": null, "FCLASS_RU": null, "FCLASS_ES": null, "FCLASS_CN": null, "FCLASS_TW": null, "FCLASS_IN": null, "FCLASS_NP": null, "FCLASS_PK": null, "FCLASS_DE": null, "FCLASS_GB": null, "FCLASS_BR": null, "FCLASS_IL": null, "FCLASS_PS": null, "FCLASS_SA": null, "FCLASS_EG": null, "FCLASS_MA": null, "FCLASS_PT": null, "FCLASS_AR": null, "FCLASS_JP": null, "FCLASS_KO": null, "FCLASS_VN": null, "FCLASS_TR": null, "FCLASS_ID": null, "FCLASS_PL": null, "FCLASS_GR": null, "FCLASS_IT": null, "FCLASS_NL": null, "FCLASS_SE": null, "FCLASS_BD": null, "FCLASS_UA": null}, "bbox": [-82.965783, 7.220541, -77.242566, 9.61161], "geometry": {"type": "Polygon", "coordinates": [[[-77.353361, 8.670505], [-77.474723, 8.524286], [-77.242566, 7.935278], [-77.431108, 7.638061], [-77.753414, 7.70984], [-77.881571, 7.223771], [-78.214936, 7.512255], [-78.429161, 8.052041], [-78.182096, 8.319182], [-78.435465, 8.387705], [-78.622121, 8.718124], [-79.120307, 8.996092], [-79.557877, 8.932375], [-79.760578, 8.584515], [-80.164481, 8.333316], [-80.382659, 8.298409], [-80.480689, 8.090308], [-80.00369, 7.547524], [-80.276671, 7.419754], [-80.421158, 7.271572], [-80.886401, 7.220541], [-81.059543, 7.817921], [-81.189716, 7.647906], [-81.519515, 7.70661], [-81.721311, 8.108963], [-82.131441, 8.175393], [-82.390934, 8.292362], [-82.820081, 8.290864], [-82.850958, 8.073823], [-82.965783, 8.225028], [-82.913176, 8.423517], [-82.829771, 8.626295], [-82.868657, 8.807266], [-82.719183, 8.925709], [-82.927155, 9.07433], [-82.932891, 9.476812], [-82.546196, 9.566135], [-82.187123, 9.207449], [-82.207586, 8.995575], [-81.808567, 8.950617], [-81.714154, 9.031955], [-81.439287, 8.786234], [-80.947302, 8.858504], [-80.521901, 9.111072], [-79.9146, 9.312765], [-79.573303, 9.61161], [-79.021192, 9.552931], [-79.05845, 9.454565], [-78.500888, 9.420459], [-78.055928, 9.24773], [-77.729514, 8.946844], [-77.353361, 8.670505]]]}}, {"type": "Feature", "properties": {"featurecla": "Admin-0 country", "scalerank": 1, "LABELRANK": 5, "SOVEREIGNT": "Costa Rica", "SOV_A3": "CRI", "ADM0_DIF": 0, "LEVEL": 2, "TYPE": "Sovereign country", "TLC": "1", "ADMIN": "Costa Rica", "ADM0_A3": "CRI", "GEOU_DIF": 0, "GEOUNIT": "Costa Rica", "GU_A3": "CRI", "SU_DIF": 0, "SUBUNIT": "Costa Rica", "SU_A3": "CRI", "BRK_DIFF": 0, "NAME": "Costa Rica", "NAME_LONG": "Costa Rica", "BRK_A3": "CRI", "BRK_NAME": "Costa Rica", "BRK_GROUP": null, "ABBREV": "C.R.", "POSTAL": "CR", "FORMAL_EN": "Republic of Costa Rica", "FORMAL_FR": null, "NAME_CIAWF": "Costa Rica", "NOTE_ADM0": null, "NOTE_BRK": null, "NAME_SORT": "Costa Rica", "NAME_ALT": null, "MAPCOLOR7": 3, "MAPCOLOR8": 2, "MAPCOLOR9": 4, "MAPCOLOR13": 2, "POP_EST": 5047561, "POP_RANK": 13, "POP_YEAR": 2019, "GDP_MD": 61801, "GDP_YEAR": 2019, "ECONOMY": "5. Emerging region: G20", "INCOME_GRP": "3. Upper middle income", "FIPS_10": "CS", "ISO_A2": "CR", "ISO_A2_EH": "CR", "ISO_A3": "CRI", "ISO_A3_EH": "CRI", "ISO_N3": "188", "ISO_N3_EH": "188", "UN_A3": "188", "WB_A2": "CR", "WB_A3": "CRI", "WOE_ID": 23424791, "WOE_ID_EH": 23424791, "WOE_NOTE": "Exact WOE match as country", "ADM0_ISO": "CRI", "ADM0_DIFF": null, "ADM0_TLC": "CRI", "ADM0_A3_US": "CRI", "ADM0_A3_FR": "CRI", "ADM0_A3_RU": "CRI", "ADM0_A3_ES": "CRI", "ADM0_A3_CN": "CRI", "ADM0_A3_TW": "CRI", "ADM0_A3_IN": "CRI", "ADM0_A3_NP": "CRI", "ADM0_A3_PK": "CRI", "ADM0_A3_DE": "CRI", "ADM0_A3_GB": "CRI", "ADM0_A3_BR": "CRI", "ADM0_A3_IL": "CRI", "ADM0_A3_PS": "CRI", "ADM0_A3_SA": "CRI", "ADM0_A3_EG": "CRI", "ADM0_A3_MA": "CRI", "ADM0_A3_PT": "CRI", "ADM0_A3_AR": "CRI", "ADM0_A3_JP": "CRI", "ADM0_A3_KO": "CRI", "ADM0_A3_VN": "CRI", "ADM0_A3_TR": "CRI", "ADM0_A3_ID": "CRI", "ADM0_A3_PL": "CRI", "ADM0_A3_GR": "CRI", "ADM0_A3_IT": "CRI", "ADM0_A3_NL": "CRI", "ADM0_A3_SE": "CRI", "ADM0_A3_BD": "CRI", "ADM0_A3_UA": "CRI", "ADM0_A3_UN": -99, "ADM0_A3_WB": -99, "CONTINENT": "North America", "REGION_UN": "Americas", "SUBREGION": "Central America", "REGION_WB": "Latin America & Caribbean", "NAME_LEN": 10, "LONG_LEN": 10, "ABBREV_LEN": 4, "TINY": -99, "HOMEPART": 1, "MIN_ZOOM": 0, "MIN_LABEL": 2.5, "MAX_LABEL": 8, "LABEL_X": -84.077922, "LABEL_Y": 10.0651, "NE_ID": 1159320525, "WIKIDATAID": "Q800", "NAME_AR": "\u0643\u0648\u0633\u062a\u0627\u0631\u064a\u0643\u0627", "NAME_BN": "\u0995\u09cb\u09b8\u09cd\u099f\u09be \u09b0\u09bf\u0995\u09be", "NAME_DE": "Costa Rica", "NAME_EN": "Costa Rica", "NAME_ES": "Costa Rica", "NAME_FA": "\u06a9\u0627\u0633\u062a\u0627\u0631\u06cc\u06a9\u0627", "NAME_FR": "Costa Rica", "NAME_EL": "\u039a\u03cc\u03c3\u03c4\u03b1 \u03a1\u03af\u03ba\u03b1", "NAME_HE": "\u05e7\u05d5\u05e1\u05d8\u05d4 \u05e8\u05d9\u05e7\u05d4", "NAME_HI": "\u0915\u094b\u0938\u094d\u091f\u093e \u0930\u0940\u0915\u093e", "NAME_HU": "Costa Rica", "NAME_ID": "Kosta Rika", "NAME_IT": "Costa Rica", "NAME_JA": "\u30b3\u30b9\u30bf\u30ea\u30ab", "NAME_KO": "\ucf54\uc2a4\ud0c0\ub9ac\uce74", "NAME_NL": "Costa Rica", "NAME_PL": "Kostaryka", "NAME_PT": "Costa Rica", "NAME_RU": "\u041a\u043e\u0441\u0442\u0430-\u0420\u0438\u043a\u0430", "NAME_SV": "Costa Rica", "NAME_TR": "Kosta Rika", "NAME_UK": "\u041a\u043e\u0441\u0442\u0430-\u0420\u0438\u043a\u0430", "NAME_UR": "\u06a9\u0648\u0633\u0679\u0627\u0631\u06cc\u06a9\u0627", "NAME_VI": "Costa Rica", "NAME_ZH": "\u54e5\u65af\u8fbe\u9ece\u52a0", "NAME_ZHT": "\u54e5\u65af\u5927\u9ece\u52a0", "FCLASS_ISO": "Admin-0 country", "TLC_DIFF": null, "FCLASS_TLC": "Admin-0 country", "FCLASS_US": null, "FCLASS_FR": null, "FCLASS_RU": null, "FCLASS_ES": null, "FCLASS_CN": null, "FCLASS_TW": null, "FCLASS_IN": null, "FCLASS_NP": null, "FCLASS_PK": null, "FCLASS_DE": null, "FCLASS_GB": null, "FCLASS_BR": null, "FCLASS_IL": null, "FCLASS_PS": null, "FCLASS_SA": null, "FCLASS_EG": null, "FCLASS_MA": null, "FCLASS_PT": null, "FCLASS_AR": null, "FCLASS_JP": null, "FCLASS_KO": null, "FCLASS_VN": null, "FCLASS_TR": null, "FCLASS_ID": null, "FCLASS_PL": null, "FCLASS_GR": null, "FCLASS_IT": null, "FCLASS_NL": null, "FCLASS_SE": null, "FCLASS_BD": null, "FCLASS_UA": null}, "bbox": [-85.941725, 8.225028, -82.546196, 11.217119], "geometry": {"type": "Polygon", "coordinates": [[[-82.546196, 9.566135], [-82.932891, 9.476812], [-82.927155, 9.07433], [-82.719183, 8.925709], [-82.868657, 8.807266], [-82.829771, 8.626295], [-82.913176, 8.423517], [-82.965783, 8.225028], [-83.508437, 8.446927], [-83.711474, 8.656836], [-83.596313, 8.830443], [-83.632642, 9.051386], [-83.909886, 9.290803], [-84.303402, 9.487354], [-84.647644, 9.615537], [-84.713351, 9.908052], [-84.97566, 10.086723], [-84.911375, 9.795992], [-85.110923, 9.55704], [-85.339488, 9.834542], [-85.660787, 9.933347], [-85.797445, 10.134886], [-85.791709, 10.439337], [-85.659314, 10.754331], [-85.941725, 10.895278], [-85.71254, 11.088445], [-85.561852, 11.217119], [-84.903003, 10.952303], [-84.673069, 11.082657], [-84.355931, 10.999226], [-84.190179, 10.79345], [-83.895054, 10.726839], [-83.655612, 10.938764], [-83.40232, 10.395438], [-83.015677, 9.992982], [-82.546196, 9.566135]]]}}, {"type": "Feature", "properties": {"featurecla": "Admin-0 country", "scalerank": 1, "LABELRANK": 5, "SOVEREIGNT": "Nicaragua", "SOV_A3": "NIC", "ADM0_DIF": 0, "LEVEL": 2, "TYPE": "Sovereign country", "TLC": "1", "ADMIN": "Nicaragua", "ADM0_A3": "NIC", "GEOU_DIF": 0, "GEOUNIT": "Nicaragua", "GU_A3": "NIC", "SU_DIF": 0, "SUBUNIT": "Nicaragua", "SU_A3": "NIC", "BRK_DIFF": 0, "NAME": "Nicaragua", "NAME_LONG": "Nicaragua", "BRK_A3": "NIC", "BRK_NAME": "Nicaragua", "BRK_GROUP": null, "ABBREV": "Nic.", "POSTAL": "NI", "FORMAL_EN": "Republic of Nicaragua", "FORMAL_FR": null, "NAME_CIAWF": "Nicaragua", "NOTE_ADM0": null, "NOTE_BRK": null, "NAME_SORT": "Nicaragua", "NAME_ALT": null, "MAPCOLOR7": 1, "MAPCOLOR8": 4, "MAPCOLOR9": 1, "MAPCOLOR13": 9, "POP_EST": 6545502, "POP_RANK": 13, "POP_YEAR": 2019, "GDP_MD": 12520, "GDP_YEAR": 2019, "ECONOMY": "6. Developing region", "INCOME_GRP": "4. Lower middle income", "FIPS_10": "NU", "ISO_A2": "NI", "ISO_A2_EH": "NI", "ISO_A3": "NIC", "ISO_A3_EH": "NIC", "ISO_N3": "558", "ISO_N3_EH": "558", "UN_A3": "558", "WB_A2": "NI", "WB_A3": "NIC", "WOE_ID": 23424915, "WOE_ID_EH": 23424915, "WOE_NOTE": "Exact WOE match as country", "ADM0_ISO": "NIC", "ADM0_DIFF": null, "ADM0_TLC": "NIC", "ADM0_A3_US": "NIC", "ADM0_A3_FR": "NIC", "ADM0_A3_RU": "NIC", "ADM0_A3_ES": "NIC", "ADM0_A3_CN": "NIC", "ADM0_A3_TW": "NIC", "ADM0_A3_IN": "NIC", "ADM0_A3_NP": "NIC", "ADM0_A3_PK": "NIC", "ADM0_A3_DE": "NIC", "ADM0_A3_GB": "NIC", "ADM0_A3_BR": "NIC", "ADM0_A3_IL": "NIC", "ADM0_A3_PS": "NIC", "ADM0_A3_SA": "NIC", "ADM0_A3_EG": "NIC", "ADM0_A3_MA": "NIC", "ADM0_A3_PT": "NIC", "ADM0_A3_AR": "NIC", "ADM0_A3_JP": "NIC", "ADM0_A3_KO": "NIC", "ADM0_A3_VN": "NIC", "ADM0_A3_TR": "NIC", "ADM0_A3_ID": "NIC", "ADM0_A3_PL": "NIC", "ADM0_A3_GR": "NIC", "ADM0_A3_IT": "NIC", "ADM0_A3_NL": "NIC", "ADM0_A3_SE": "NIC", "ADM0_A3_BD": "NIC", "ADM0_A3_UA": "NIC", "ADM0_A3_UN": -99, "ADM0_A3_WB": -99, "CONTINENT": "North America", "REGION_UN": "Americas", "SUBREGION": "Central America", "REGION_WB": "Latin America & Caribbean", "NAME_LEN": 9, "LONG_LEN": 9, "ABBREV_LEN": 4, "TINY": -99, "HOMEPART": 1, "MIN_ZOOM": 0, "MIN_LABEL": 4, "MAX_LABEL": 9, "LABEL_X": -85.069347, "LABEL_Y": 12.670697, "NE_ID": 1159321091, "WIKIDATAID": "Q811", "NAME_AR": "\u0646\u064a\u0643\u0627\u0631\u0627\u063a\u0648\u0627", "NAME_BN": "\u09a8\u09bf\u0995\u09be\u09b0\u09be\u0997\u09c1\u09af\u09bc\u09be", "NAME_DE": "Nicaragua", "NAME_EN": "Nicaragua", "NAME_ES": "Nicaragua", "NAME_FA": "\u0646\u06cc\u06a9\u0627\u0631\u0627\u06af\u0648\u0626\u0647", "NAME_FR": "Nicaragua", "NAME_EL": "\u039d\u03b9\u03ba\u03b1\u03c1\u03ac\u03b3\u03bf\u03c5\u03b1", "NAME_HE": "\u05e0\u05d9\u05e7\u05e8\u05d2\u05d5\u05d0\u05d4", "NAME_HI": "\u0928\u093f\u0915\u093e\u0930\u093e\u0917\u0941\u0906", "NAME_HU": "Nicaragua", "NAME_ID": "Nikaragua", "NAME_IT": "Nicaragua", "NAME_JA": "\u30cb\u30ab\u30e9\u30b0\u30a2", "NAME_KO": "\ub2c8\uce74\ub77c\uacfc", "NAME_NL": "Nicaragua", "NAME_PL": "Nikaragua", "NAME_PT": "Nicar\u00e1gua", "NAME_RU": "\u041d\u0438\u043a\u0430\u0440\u0430\u0433\u0443\u0430", "NAME_SV": "Nicaragua", "NAME_TR": "Nikaragua", "NAME_UK": "\u041d\u0456\u043a\u0430\u0440\u0430\u0433\u0443\u0430", "NAME_UR": "\u0646\u06a9\u0627\u0631\u0627\u06af\u0648\u0627", "NAME_VI": "Nicaragua", "NAME_ZH": "\u5c3c\u52a0\u62c9\u74dc", "NAME_ZHT": "\u5c3c\u52a0\u62c9\u74dc", "FCLASS_ISO": "Admin-0 country", "TLC_DIFF": null, "FCLASS_TLC": "Admin-0 country", "FCLASS_US": null, "FCLASS_FR": null, "FCLASS_RU": null, "FCLASS_ES": null, "FCLASS_CN": null, "FCLASS_TW": null, "FCLASS_IN": null, "FCLASS_NP": null, "FCLASS_PK": null, "FCLASS_DE": null, "FCLASS_GB": null, "FCLASS_BR": null, "FCLASS_IL": null, "FCLASS_PS": null, "FCLASS_SA": null, "FCLASS_EG": null, "FCLASS_MA": null, "FCLASS_PT": null, "FCLASS_AR": null, "FCLASS_JP": null, "FCLASS_KO": null, "FCLASS_VN": null, "FCLASS_TR": null, "FCLASS_ID": null, "FCLASS_PL": null, "FCLASS_GR": null, "FCLASS_IT": null, "FCLASS_NL": null, "FCLASS_SE": null, "FCLASS_BD": null, "FCLASS_UA": null}, "bbox": [-87.668493, 10.726839, -83.147219, 15.016267], "geometry": {"type": "Polygon", "coordinates": [[[-83.655612, 10.938764], [-83.895054, 10.726839], [-84.190179, 10.79345], [-84.355931, 10.999226], [-84.673069, 11.082657], [-84.903003, 10.952303], [-85.561852, 11.217119], [-85.71254, 11.088445], [-86.058488, 11.403439], [-86.52585, 11.806877], [-86.745992, 12.143962], [-87.167516, 12.458258], [-87.668493, 12.90991], [-87.557467, 13.064552], [-87.392386, 12.914018], [-87.316654, 12.984686], [-87.005769, 13.025794], [-86.880557, 13.254204], [-86.733822, 13.263093], [-86.755087, 13.754845], [-86.520708, 13.778487], [-86.312142, 13.771356], [-86.096264, 14.038187], [-85.801295, 13.836055], [-85.698665, 13.960078], [-85.514413, 14.079012], [-85.165365, 14.35437], [-85.148751, 14.560197], [-85.052787, 14.551541], [-84.924501, 14.790493], [-84.820037, 14.819587], [-84.649582, 14.666805], [-84.449336, 14.621614], [-84.228342, 14.748764], [-83.975721, 14.749436], [-83.628585, 14.880074], [-83.489989, 15.016267], [-83.147219, 14.995829], [-83.233234, 14.899866], [-83.284162, 14.676624], [-83.182126, 14.310703], [-83.4125, 13.970078], [-83.519832, 13.567699], [-83.552207, 13.127054], [-83.498515, 12.869292], [-83.473323, 12.419087], [-83.626104, 12.32085], [-83.719613, 11.893124], [-83.650858, 11.629032], [-83.85547, 11.373311], [-83.808936, 11.103044], [-83.655612, 10.938764]]]}}, {"type": "Feature", "properties": {"featurecla": "Admin-0 country", "scalerank": 1, "LABELRANK": 5, "SOVEREIGNT": "Honduras", "SOV_A3": "HND", "ADM0_DIF": 0, "LEVEL": 2, "TYPE": "Sovereign country", "TLC": "1", "ADMIN": "Honduras", "ADM0_A3": "HND", "GEOU_DIF": 0, "GEOUNIT": "Honduras", "GU_A3": "HND", "SU_DIF": 0, "SUBUNIT": "Honduras", "SU_A3": "HND", "BRK_DIFF": 0, "NAME": "Honduras", "NAME_LONG": "Honduras", "BRK_A3": "HND", "BRK_NAME": "Honduras", "BRK_GROUP": null, "ABBREV": "Hond.", "POSTAL": "HN", "FORMAL_EN": "Republic of Honduras", "FORMAL_FR": null, "NAME_CIAWF": "Honduras", "NOTE_ADM0": null, "NOTE_BRK": null, "NAME_SORT": "Honduras", "NAME_ALT": null, "MAPCOLOR7": 2, "MAPCOLOR8": 5, "MAPCOLOR9": 2, "MAPCOLOR13": 5, "POP_EST": 9746117, "POP_RANK": 13, "POP_YEAR": 2019, "GDP_MD": 25095, "GDP_YEAR": 2019, "ECONOMY": "6. Developing region", "INCOME_GRP": "4. Lower middle income", "FIPS_10": "HO", "ISO_A2": "HN", "ISO_A2_EH": "HN", "ISO_A3": "HND", "ISO_A3_EH": "HND", "ISO_N3": "340", "ISO_N3_EH": "340", "UN_A3": "340", "WB_A2": "HN", "WB_A3": "HND", "WOE_ID": 23424841, "WOE_ID_EH": 23424841, "WOE_NOTE": "Exact WOE match as country", "ADM0_ISO": "HND", "ADM0_DIFF": null, "ADM0_TLC": "HND", "ADM0_A3_US": "HND", "ADM0_A3_FR": "HND", "ADM0_A3_RU": "HND", "ADM0_A3_ES": "HND", "ADM0_A3_CN": "HND", "ADM0_A3_TW": "HND", "ADM0_A3_IN": "HND", "ADM0_A3_NP": "HND", "ADM0_A3_PK": "HND", "ADM0_A3_DE": "HND", "ADM0_A3_GB": "HND", "ADM0_A3_BR": "HND", "ADM0_A3_IL": "HND", "ADM0_A3_PS": "HND", "ADM0_A3_SA": "HND", "ADM0_A3_EG": "HND", "ADM0_A3_MA": "HND", "ADM0_A3_PT": "HND", "ADM0_A3_AR": "HND", "ADM0_A3_JP": "HND", "ADM0_A3_KO": "HND", "ADM0_A3_VN": "HND", "ADM0_A3_TR": "HND", "ADM0_A3_ID": "HND", "ADM0_A3_PL": "HND", "ADM0_A3_GR": "HND", "ADM0_A3_IT": "HND", "ADM0_A3_NL": "HND", "ADM0_A3_SE": "HND", "ADM0_A3_BD": "HND", "ADM0_A3_UA": "HND", "ADM0_A3_UN": -99, "ADM0_A3_WB": -99, "CONTINENT": "North America", "REGION_UN": "Americas", "SUBREGION": "Central America", "REGION_WB": "Latin America & Caribbean", "NAME_LEN": 8, "LONG_LEN": 8, "ABBREV_LEN": 5, "TINY": -99, "HOMEPART": 1, "MIN_ZOOM": 0, "MIN_LABEL": 4.5, "MAX_LABEL": 9.5, "LABEL_X": -86.887604, "LABEL_Y": 14.794801, "NE_ID": 1159320827, "WIKIDATAID": "Q783", "NAME_AR": "\u0647\u0646\u062f\u0648\u0631\u0627\u0633", "NAME_BN": "\u09b9\u09a8\u09cd\u09a1\u09c1\u09b0\u09be\u09b8", "NAME_DE": "Honduras", "NAME_EN": "Honduras", "NAME_ES": "Honduras", "NAME_FA": "\u0647\u0646\u062f\u0648\u0631\u0627\u0633", "NAME_FR": "Honduras", "NAME_EL": "\u039f\u03bd\u03b4\u03bf\u03cd\u03c1\u03b1", "NAME_HE": "\u05d4\u05d5\u05e0\u05d3\u05d5\u05e8\u05e1", "NAME_HI": "\u0939\u094c\u0923\u094d\u0921\u0941\u0930\u0938", "NAME_HU": "Honduras", "NAME_ID": "Honduras", "NAME_IT": "Honduras", "NAME_JA": "\u30db\u30f3\u30b8\u30e5\u30e9\u30b9", "NAME_KO": "\uc628\ub450\ub77c\uc2a4", "NAME_NL": "Honduras", "NAME_PL": "Honduras", "NAME_PT": "Honduras", "NAME_RU": "\u0413\u043e\u043d\u0434\u0443\u0440\u0430\u0441", "NAME_SV": "Honduras", "NAME_TR": "Honduras", "NAME_UK": "\u0413\u043e\u043d\u0434\u0443\u0440\u0430\u0441", "NAME_UR": "\u06c1\u0648\u0646\u0688\u0648\u0631\u0627\u0633", "NAME_VI": "Honduras", "NAME_ZH": "\u6d2a\u90fd\u62c9\u65af", "NAME_ZHT": "\u5b8f\u90fd\u62c9\u65af", "FCLASS_ISO": "Admin-0 country", "TLC_DIFF": null, "FCLASS_TLC": "Admin-0 country", "FCLASS_US": null, "FCLASS_FR": null, "FCLASS_RU": null, "FCLASS_ES": null, "FCLASS_CN": null, "FCLASS_TW": null, "FCLASS_IN": null, "FCLASS_NP": null, "FCLASS_PK": null, "FCLASS_DE": null, "FCLASS_GB": null, "FCLASS_BR": null, "FCLASS_IL": null, "FCLASS_PS": null, "FCLASS_SA": null, "FCLASS_EG": null, "FCLASS_MA": null, "FCLASS_PT": null, "FCLASS_AR": null, "FCLASS_JP": null, "FCLASS_KO": null, "FCLASS_VN": null, "FCLASS_TR": null, "FCLASS_ID": null, "FCLASS_PL": null, "FCLASS_GR": null, "FCLASS_IT": null, "FCLASS_NL": null, "FCLASS_SE": null, "FCLASS_BD": null, "FCLASS_UA": null}, "bbox": [-89.353326, 12.984686, -83.147219, 16.005406], "geometry": {"type": "Polygon", "coordinates": [[[-83.147219, 14.995829], [-83.489989, 15.016267], [-83.628585, 14.880074], [-83.975721, 14.749436], [-84.228342, 14.748764], [-84.449336, 14.621614], [-84.649582, 14.666805], [-84.820037, 14.819587], [-84.924501, 14.790493], [-85.052787, 14.551541], [-85.148751, 14.560197], [-85.165365, 14.35437], [-85.514413, 14.079012], [-85.698665, 13.960078], [-85.801295, 13.836055], [-86.096264, 14.038187], [-86.312142, 13.771356], [-86.520708, 13.778487], [-86.755087, 13.754845], [-86.733822, 13.263093], [-86.880557, 13.254204], [-87.005769, 13.025794], [-87.316654, 12.984686], [-87.489409, 13.297535], [-87.793111, 13.38448], [-87.723503, 13.78505], [-87.859515, 13.893312], [-88.065343, 13.964626], [-88.503998, 13.845486], [-88.541231, 13.980155], [-88.843073, 14.140507], [-89.058512, 14.340029], [-89.353326, 14.424133], [-89.145535, 14.678019], [-89.22522, 14.874286], [-89.154811, 15.066419], [-88.68068, 15.346247], [-88.225023, 15.727722], [-88.121153, 15.688655], [-87.901813, 15.864458], [-87.61568, 15.878799], [-87.522921, 15.797279], [-87.367762, 15.84694], [-86.903191, 15.756713], [-86.440946, 15.782835], [-86.119234, 15.893449], [-86.001954, 16.005406], [-85.683317, 15.953652], [-85.444004, 15.885749], [-85.182444, 15.909158], [-84.983722, 15.995923], [-84.52698, 15.857224], [-84.368256, 15.835158], [-84.063055, 15.648244], [-83.773977, 15.424072], [-83.410381, 15.270903], [-83.147219, 14.995829]]]}}, {"type": "Feature", "properties": {"featurecla": "Admin-0 country", "scalerank": 1, "LABELRANK": 6, "SOVEREIGNT": "El Salvador", "SOV_A3": "SLV", "ADM0_DIF": 0, "LEVEL": 2, "TYPE": "Sovereign country", "TLC": "1", "ADMIN": "El Salvador", "ADM0_A3": "SLV", "GEOU_DIF": 0, "GEOUNIT": "El Salvador", "GU_A3": "SLV", "SU_DIF": 0, "SUBUNIT": "El Salvador", "SU_A3": "SLV", "BRK_DIFF": 0, "NAME": "El Salvador", "NAME_LONG": "El Salvador", "BRK_A3": "SLV", "BRK_NAME": "El Salvador", "BRK_GROUP": null, "ABBREV": "El. S.", "POSTAL": "SV", "FORMAL_EN": "Republic of El Salvador", "FORMAL_FR": null, "NAME_CIAWF": "El Salvador", "NOTE_ADM0": null, "NOTE_BRK": null, "NAME_SORT": "El Salvador", "NAME_ALT": null, "MAPCOLOR7": 1, "MAPCOLOR8": 4, "MAPCOLOR9": 6, "MAPCOLOR13": 8, "POP_EST": 6453553, "POP_RANK": 13, "POP_YEAR": 2019, "GDP_MD": 27022, "GDP_YEAR": 2019, "ECONOMY": "6. Developing region", "INCOME_GRP": "4. Lower middle income", "FIPS_10": "ES", "ISO_A2": "SV", "ISO_A2_EH": "SV", "ISO_A3": "SLV", "ISO_A3_EH": "SLV", "ISO_N3": "222", "ISO_N3_EH": "222", "UN_A3": "222", "WB_A2": "SV", "WB_A3": "SLV", "WOE_ID": 23424807, "WOE_ID_EH": 23424807, "WOE_NOTE": "Exact WOE match as country", "ADM0_ISO": "SLV", "ADM0_DIFF": null, "ADM0_TLC": "SLV", "ADM0_A3_US": "SLV", "ADM0_A3_FR": "SLV", "ADM0_A3_RU": "SLV", "ADM0_A3_ES": "SLV", "ADM0_A3_CN": "SLV", "ADM0_A3_TW": "SLV", "ADM0_A3_IN": "SLV", "ADM0_A3_NP": "SLV", "ADM0_A3_PK": "SLV", "ADM0_A3_DE": "SLV", "ADM0_A3_GB": "SLV", "ADM0_A3_BR": "SLV", "ADM0_A3_IL": "SLV", "ADM0_A3_PS": "SLV", "ADM0_A3_SA": "SLV", "ADM0_A3_EG": "SLV", "ADM0_A3_MA": "SLV", "ADM0_A3_PT": "SLV", "ADM0_A3_AR": "SLV", "ADM0_A3_JP": "SLV", "ADM0_A3_KO": "SLV", "ADM0_A3_VN": "SLV", "ADM0_A3_TR": "SLV", "ADM0_A3_ID": "SLV", "ADM0_A3_PL": "SLV", "ADM0_A3_GR": "SLV", "ADM0_A3_IT": "SLV", "ADM0_A3_NL": "SLV", "ADM0_A3_SE": "SLV", "ADM0_A3_BD": "SLV", "ADM0_A3_UA": "SLV", "ADM0_A3_UN": -99, "ADM0_A3_WB": -99, "CONTINENT": "North America", "REGION_UN": "Americas", "SUBREGION": "Central America", "REGION_WB": "Latin America & Caribbean", "NAME_LEN": 11, "LONG_LEN": 11, "ABBREV_LEN": 6, "TINY": -99, "HOMEPART": 1, "MIN_ZOOM": 0, "MIN_LABEL": 5, "MAX_LABEL": 10, "LABEL_X": -88.890124, "LABEL_Y": 13.685371, "NE_ID": 1159321253, "WIKIDATAID": "Q792", "NAME_AR": "\u0627\u0644\u0633\u0644\u0641\u0627\u062f\u0648\u0631", "NAME_BN": "\u098f\u09b2 \u09b8\u09be\u09b2\u09ad\u09be\u09a6\u09cb\u09b0", "NAME_DE": "El Salvador", "NAME_EN": "El Salvador", "NAME_ES": "El Salvador", "NAME_FA": "\u0627\u0644\u0633\u0627\u0644\u0648\u0627\u062f\u0648\u0631", "NAME_FR": "Salvador", "NAME_EL": "\u0395\u03bb \u03a3\u03b1\u03bb\u03b2\u03b1\u03b4\u03cc\u03c1", "NAME_HE": "\u05d0\u05dc \u05e1\u05dc\u05d5\u05d5\u05d3\u05d5\u05e8", "NAME_HI": "\u0905\u0932 \u0938\u093e\u0932\u094d\u0935\u093e\u0921\u094b\u0930", "NAME_HU": "Salvador", "NAME_ID": "El Salvador", "NAME_IT": "El Salvador", "NAME_JA": "\u30a8\u30eb\u30b5\u30eb\u30d0\u30c9\u30eb", "NAME_KO": "\uc5d8\uc0b4\ubc14\ub3c4\ub974", "NAME_NL": "El Salvador", "NAME_PL": "Salwador", "NAME_PT": "El Salvador", "NAME_RU": "\u0421\u0430\u043b\u044c\u0432\u0430\u0434\u043e\u0440", "NAME_SV": "El Salvador", "NAME_TR": "El Salvador", "NAME_UK": "\u0421\u0430\u043b\u044c\u0432\u0430\u0434\u043e\u0440", "NAME_UR": "\u0627\u06cc\u0644 \u0633\u06cc\u0644\u0648\u0627\u0688\u0648\u0631", "NAME_VI": "El Salvador", "NAME_ZH": "\u8428\u5c14\u74e6\u591a", "NAME_ZHT": "\u85a9\u723e\u74e6\u591a", "FCLASS_ISO": "Admin-0 country", "TLC_DIFF": null, "FCLASS_TLC": "Admin-0 country", "FCLASS_US": null, "FCLASS_FR": null, "FCLASS_RU": null, "FCLASS_ES": null, "FCLASS_CN": null, "FCLASS_TW": null, "FCLASS_IN": null, "FCLASS_NP": null, "FCLASS_PK": null, "FCLASS_DE": null, "FCLASS_GB": null, "FCLASS_BR": null, "FCLASS_IL": null, "FCLASS_PS": null, "FCLASS_SA": null, "FCLASS_EG": null, "FCLASS_MA": null, "FCLASS_PT": null, "FCLASS_AR": null, "FCLASS_JP": null, "FCLASS_KO": null, "FCLASS_VN": null, "FCLASS_TR": null, "FCLASS_ID": null, "FCLASS_PL": null, "FCLASS_GR": null, "FCLASS_IT": null, "FCLASS_NL": null, "FCLASS_SE": null, "FCLASS_BD": null, "FCLASS_UA": null}, "bbox": [-90.095555, 13.149017, -87.723503, 14.424133], "geometry": {"type": "Polygon", "coordinates": [[[-89.353326, 14.424133], [-89.058512, 14.340029], [-88.843073, 14.140507], [-88.541231, 13.980155], [-88.503998, 13.845486], [-88.065343, 13.964626], [-87.859515, 13.893312], [-87.723503, 13.78505], [-87.793111, 13.38448], [-87.904112, 13.149017], [-88.483302, 13.163951], [-88.843228, 13.259734], [-89.256743, 13.458533], [-89.812394, 13.520622], [-90.095555, 13.735338], [-90.064678, 13.88197], [-89.721934, 14.134228], [-89.534219, 14.244816], [-89.587343, 14.362586], [-89.353326, 14.424133]]]}}, {"type": "Feature", "properties": {"featurecla": "Admin-0 country", "scalerank": 1, "LABELRANK": 3, "SOVEREIGNT": "Guatemala", "SOV_A3": "GTM", "ADM0_DIF": 0, "LEVEL": 2, "TYPE": "Sovereign country", "TLC": "1", "ADMIN": "Guatemala", "ADM0_A3": "GTM", "GEOU_DIF": 0, "GEOUNIT": "Guatemala", "GU_A3": "GTM", "SU_DIF": 0, "SUBUNIT": "Guatemala", "SU_A3": "GTM", "BRK_DIFF": 0, "NAME": "Guatemala", "NAME_LONG": "Guatemala", "BRK_A3": "GTM", "BRK_NAME": "Guatemala", "BRK_GROUP": null, "ABBREV": "Guat.", "POSTAL": "GT", "FORMAL_EN": "Republic of Guatemala", "FORMAL_FR": null, "NAME_CIAWF": "Guatemala", "NOTE_ADM0": null, "NOTE_BRK": null, "NAME_SORT": "Guatemala", "NAME_ALT": null, "MAPCOLOR7": 3, "MAPCOLOR8": 3, "MAPCOLOR9": 3, "MAPCOLOR13": 6, "POP_EST": 16604026, "POP_RANK": 14, "POP_YEAR": 2019, "GDP_MD": 76710, "GDP_YEAR": 2019, "ECONOMY": "6. Developing region", "INCOME_GRP": "4. Lower middle income", "FIPS_10": "GT", "ISO_A2": "GT", "ISO_A2_EH": "GT", "ISO_A3": "GTM", "ISO_A3_EH": "GTM", "ISO_N3": "320", "ISO_N3_EH": "320", "UN_A3": "320", "WB_A2": "GT", "WB_A3": "GTM", "WOE_ID": 23424834, "WOE_ID_EH": 23424834, "WOE_NOTE": "Exact WOE match as country", "ADM0_ISO": "GTM", "ADM0_DIFF": null, "ADM0_TLC": "GTM", "ADM0_A3_US": "GTM", "ADM0_A3_FR": "GTM", "ADM0_A3_RU": "GTM", "ADM0_A3_ES": "GTM", "ADM0_A3_CN": "GTM", "ADM0_A3_TW": "GTM", "ADM0_A3_IN": "GTM", "ADM0_A3_NP": "GTM", "ADM0_A3_PK": "GTM", "ADM0_A3_DE": "GTM", "ADM0_A3_GB": "GTM", "ADM0_A3_BR": "GTM", "ADM0_A3_IL": "GTM", "ADM0_A3_PS": "GTM", "ADM0_A3_SA": "GTM", "ADM0_A3_EG": "GTM", "ADM0_A3_MA": "GTM", "ADM0_A3_PT": "GTM", "ADM0_A3_AR": "GTM", "ADM0_A3_JP": "GTM", "ADM0_A3_KO": "GTM", "ADM0_A3_VN": "GTM", "ADM0_A3_TR": "GTM", "ADM0_A3_ID": "GTM", "ADM0_A3_PL": "GTM", "ADM0_A3_GR": "GTM", "ADM0_A3_IT": "GTM", "ADM0_A3_NL": "GTM", "ADM0_A3_SE": "GTM", "ADM0_A3_BD": "GTM", "ADM0_A3_UA": "GTM", "ADM0_A3_UN": -99, "ADM0_A3_WB": -99, "CONTINENT": "North America", "REGION_UN": "Americas", "SUBREGION": "Central America", "REGION_WB": "Latin America & Caribbean", "NAME_LEN": 9, "LONG_LEN": 9, "ABBREV_LEN": 5, "TINY": 4, "HOMEPART": 1, "MIN_ZOOM": 0, "MIN_LABEL": 3, "MAX_LABEL": 8, "LABEL_X": -90.497134, "LABEL_Y": 14.982133, "NE_ID": 1159320815, "WIKIDATAID": "Q774", "NAME_AR": "\u063a\u0648\u0627\u062a\u064a\u0645\u0627\u0644\u0627", "NAME_BN": "\u0997\u09c1\u09af\u09bc\u09be\u09a4\u09c7\u09ae\u09be\u09b2\u09be", "NAME_DE": "Guatemala", "NAME_EN": "Guatemala", "NAME_ES": "Guatemala", "NAME_FA": "\u06af\u0648\u0627\u062a\u0645\u0627\u0644\u0627", "NAME_FR": "Guatemala", "NAME_EL": "\u0393\u03bf\u03c5\u03b1\u03c4\u03b5\u03bc\u03ac\u03bb\u03b1", "NAME_HE": "\u05d2\u05d5\u05d0\u05d8\u05de\u05dc\u05d4", "NAME_HI": "\u0917\u094d\u0935\u093e\u091f\u0947\u092e\u093e\u0932\u093e", "NAME_HU": "Guatemala", "NAME_ID": "Guatemala", "NAME_IT": "Guatemala", "NAME_JA": "\u30b0\u30a2\u30c6\u30de\u30e9", "NAME_KO": "\uacfc\ud14c\ub9d0\ub77c", "NAME_NL": "Guatemala", "NAME_PL": "Gwatemala", "NAME_PT": "Guatemala", "NAME_RU": "\u0413\u0432\u0430\u0442\u0435\u043c\u0430\u043b\u0430", "NAME_SV": "Guatemala", "NAME_TR": "Guatemala", "NAME_UK": "\u0413\u0432\u0430\u0442\u0435\u043c\u0430\u043b\u0430", "NAME_UR": "\u06af\u0648\u0627\u062a\u06cc\u0645\u0627\u0644\u0627", "NAME_VI": "Guatemala", "NAME_ZH": "\u5371\u5730\u9a6c\u62c9", "NAME_ZHT": "\u74dc\u5730\u99ac\u62c9", "FCLASS_ISO": "Admin-0 country", "TLC_DIFF": null, "FCLASS_TLC": "Admin-0 country", "FCLASS_US": null, "FCLASS_FR": null, "FCLASS_RU": null, "FCLASS_ES": null, "FCLASS_CN": null, "FCLASS_TW": null, "FCLASS_IN": null, "FCLASS_NP": null, "FCLASS_PK": null, "FCLASS_DE": null, "FCLASS_GB": null, "FCLASS_BR": null, "FCLASS_IL": null, "FCLASS_PS": null, "FCLASS_SA": null, "FCLASS_EG": null, "FCLASS_MA": null, "FCLASS_PT": null, "FCLASS_AR": null, "FCLASS_JP": null, "FCLASS_KO": null, "FCLASS_VN": null, "FCLASS_TR": null, "FCLASS_ID": null, "FCLASS_PL": null, "FCLASS_GR": null, "FCLASS_IT": null, "FCLASS_NL": null, "FCLASS_SE": null, "FCLASS_BD": null, "FCLASS_UA": null}, "bbox": [-92.229249, 13.735338, -88.225023, 17.819326], "geometry": {"type": "Polygon", "coordinates": [[[-92.22775, 14.538829], [-92.20323, 14.830103], [-92.087216, 15.064585], [-92.229249, 15.251447], [-91.74796, 16.066565], [-90.464473, 16.069562], [-90.438867, 16.41011], [-90.600847, 16.470778], [-90.711822, 16.687483], [-91.08167, 16.918477], [-91.453921, 17.252177], [-91.002269, 17.254658], [-91.00152, 17.817595], [-90.067934, 17.819326], [-89.14308, 17.808319], [-89.150806, 17.015577], [-89.229122, 15.886938], [-88.930613, 15.887273], [-88.604586, 15.70638], [-88.518364, 15.855389], [-88.225023, 15.727722], [-88.68068, 15.346247], [-89.154811, 15.066419], [-89.22522, 14.874286], [-89.145535, 14.678019], [-89.353326, 14.424133], [-89.587343, 14.362586], [-89.534219, 14.244816], [-89.721934, 14.134228], [-90.064678, 13.88197], [-90.095555, 13.735338], [-90.608624, 13.909771], [-91.23241, 13.927832], [-91.689747, 14.126218], [-92.22775, 14.538829]]]}}, {"type": "Feature", "properties": {"featurecla": "Admin-0 country", "scalerank": 1, "LABELRANK": 6, "SOVEREIGNT": "Belize", "SOV_A3": "BLZ", "ADM0_DIF": 0, "LEVEL": 2, "TYPE": "Sovereign country", "TLC": "1", "ADMIN": "Belize", "ADM0_A3": "BLZ", "GEOU_DIF": 0, "GEOUNIT": "Belize", "GU_A3": "BLZ", "SU_DIF": 0, "SUBUNIT": "Belize", "SU_A3": "BLZ", "BRK_DIFF": 0, "NAME": "Belize", "NAME_LONG": "Belize", "BRK_A3": "BLZ", "BRK_NAME": "Belize", "BRK_GROUP": null, "ABBREV": "Belize", "POSTAL": "BZ", "FORMAL_EN": "Belize", "FORMAL_FR": null, "NAME_CIAWF": "Belize", "NOTE_ADM0": null, "NOTE_BRK": null, "NAME_SORT": "Belize", "NAME_ALT": null, "MAPCOLOR7": 1, "MAPCOLOR8": 4, "MAPCOLOR9": 5, "MAPCOLOR13": 7, "POP_EST": 390353, "POP_RANK": 10, "POP_YEAR": 2019, "GDP_MD": 1879, "GDP_YEAR": 2019, "ECONOMY": "6. Developing region", "INCOME_GRP": "4. Lower middle income", "FIPS_10": "BH", "ISO_A2": "BZ", "ISO_A2_EH": "BZ", "ISO_A3": "BLZ", "ISO_A3_EH": "BLZ", "ISO_N3": "084", "ISO_N3_EH": "084", "UN_A3": "084", "WB_A2": "BZ", "WB_A3": "BLZ", "WOE_ID": 23424760, "WOE_ID_EH": 23424760, "WOE_NOTE": "Exact WOE match as country", "ADM0_ISO": "BLZ", "ADM0_DIFF": null, "ADM0_TLC": "BLZ", "ADM0_A3_US": "BLZ", "ADM0_A3_FR": "BLZ", "ADM0_A3_RU": "BLZ", "ADM0_A3_ES": "BLZ", "ADM0_A3_CN": "BLZ", "ADM0_A3_TW": "BLZ", "ADM0_A3_IN": "BLZ", "ADM0_A3_NP": "BLZ", "ADM0_A3_PK": "BLZ", "ADM0_A3_DE": "BLZ", "ADM0_A3_GB": "BLZ", "ADM0_A3_BR": "BLZ", "ADM0_A3_IL": "BLZ", "ADM0_A3_PS": "BLZ", "ADM0_A3_SA": "BLZ", "ADM0_A3_EG": "BLZ", "ADM0_A3_MA": "BLZ", "ADM0_A3_PT": "BLZ", "ADM0_A3_AR": "BLZ", "ADM0_A3_JP": "BLZ", "ADM0_A3_KO": "BLZ", "ADM0_A3_VN": "BLZ", "ADM0_A3_TR": "BLZ", "ADM0_A3_ID": "BLZ", "ADM0_A3_PL": "BLZ", "ADM0_A3_GR": "BLZ", "ADM0_A3_IT": "BLZ", "ADM0_A3_NL": "BLZ", "ADM0_A3_SE": "BLZ", "ADM0_A3_BD": "BLZ", "ADM0_A3_UA": "BLZ", "ADM0_A3_UN": -99, "ADM0_A3_WB": -99, "CONTINENT": "North America", "REGION_UN": "Americas", "SUBREGION": "Central America", "REGION_WB": "Latin America & Caribbean", "NAME_LEN": 6, "LONG_LEN": 6, "ABBREV_LEN": 6, "TINY": -99, "HOMEPART": 1, "MIN_ZOOM": 0, "MIN_LABEL": 5, "MAX_LABEL": 10, "LABEL_X": -88.712962, "LABEL_Y": 17.202068, "NE_ID": 1159320431, "WIKIDATAID": "Q242", "NAME_AR": "\u0628\u0644\u064a\u0632", "NAME_BN": "\u09ac\u09c7\u09b2\u09bf\u099c", "NAME_DE": "Belize", "NAME_EN": "Belize", "NAME_ES": "Belice", "NAME_FA": "\u0628\u0644\u06cc\u0632", "NAME_FR": "Belize", "NAME_EL": "\u039c\u03c0\u03b5\u03bb\u03af\u03b6", "NAME_HE": "\u05d1\u05dc\u05d9\u05d6", "NAME_HI": "\u092c\u0947\u0932\u0940\u091c\u093c", "NAME_HU": "Belize", "NAME_ID": "Belize", "NAME_IT": "Belize", "NAME_JA": "\u30d9\u30ea\u30fc\u30ba", "NAME_KO": "\ubca8\ub9ac\uc988", "NAME_NL": "Belize", "NAME_PL": "Belize", "NAME_PT": "Belize", "NAME_RU": "\u0411\u0435\u043b\u0438\u0437", "NAME_SV": "Belize", "NAME_TR": "Belize", "NAME_UK": "\u0411\u0435\u043b\u0456\u0437", "NAME_UR": "\u0628\u06cc\u0644\u06cc\u0632", "NAME_VI": "Belize", "NAME_ZH": "\u4f2f\u5229\u5179", "NAME_ZHT": "\u8c9d\u91cc\u65af", "FCLASS_ISO": "Admin-0 country", "TLC_DIFF": null, "FCLASS_TLC": "Admin-0 country", "FCLASS_US": null, "FCLASS_FR": null, "FCLASS_RU": null, "FCLASS_ES": null, "FCLASS_CN": null, "FCLASS_TW": null, "FCLASS_IN": null, "FCLASS_NP": null, "FCLASS_PK": null, "FCLASS_DE": null, "FCLASS_GB": null, "FCLASS_BR": null, "FCLASS_IL": null, "FCLASS_PS": null, "FCLASS_SA": null, "FCLASS_EG": null, "FCLASS_MA": null, "FCLASS_PT": null, "FCLASS_AR": null, "FCLASS_JP": null, "FCLASS_KO": null, "FCLASS_VN": null, "FCLASS_TR": null, "FCLASS_ID": null, "FCLASS_PL": null, "FCLASS_GR": null, "FCLASS_IT": null, "FCLASS_NL": null, "FCLASS_SE": null, "FCLASS_BD": null, "FCLASS_UA": null}, "bbox": [-89.229122, 15.886938, -88.106813, 18.499982], "geometry": {"type": "Polygon", "coordinates": [[[-89.14308, 17.808319], [-89.150909, 17.955468], [-89.029857, 18.001511], [-88.848344, 17.883198], [-88.490123, 18.486831], [-88.300031, 18.499982], [-88.296336, 18.353273], [-88.106813, 18.348674], [-88.123479, 18.076675], [-88.285355, 17.644143], [-88.197867, 17.489475], [-88.302641, 17.131694], [-88.239518, 17.036066], [-88.355428, 16.530774], [-88.551825, 16.265467], [-88.732434, 16.233635], [-88.930613, 15.887273], [-89.229122, 15.886938], [-89.150806, 17.015577], [-89.14308, 17.808319]]]}}, {"type": "Feature", "properties": {"featurecla": "Admin-0 country", "scalerank": 1, "LABELRANK": 3, "SOVEREIGNT": "Venezuela", "SOV_A3": "VEN", "ADM0_DIF": 0, "LEVEL": 2, "TYPE": "Sovereign country", "TLC": "1", "ADMIN": "Venezuela", "ADM0_A3": "VEN", "GEOU_DIF": 0, "GEOUNIT": "Venezuela", "GU_A3": "VEN", "SU_DIF": 0, "SUBUNIT": "Venezuela", "SU_A3": "VEN", "BRK_DIFF": 0, "NAME": "Venezuela", "NAME_LONG": "Venezuela", "BRK_A3": "VEN", "BRK_NAME": "Venezuela", "BRK_GROUP": null, "ABBREV": "Ven.", "POSTAL": "VE", "FORMAL_EN": "Bolivarian Republic of Venezuela", "FORMAL_FR": "Rep\u00fablica Bolivariana de Venezuela", "NAME_CIAWF": "Venezuela", "NOTE_ADM0": null, "NOTE_BRK": null, "NAME_SORT": "Venezuela, RB", "NAME_ALT": null, "MAPCOLOR7": 1, "MAPCOLOR8": 3, "MAPCOLOR9": 1, "MAPCOLOR13": 4, "POP_EST": 28515829, "POP_RANK": 15, "POP_YEAR": 2019, "GDP_MD": 482359, "GDP_YEAR": 2014, "ECONOMY": "5. Emerging region: G20", "INCOME_GRP": "3. Upper middle income", "FIPS_10": "VE", "ISO_A2": "VE", "ISO_A2_EH": "VE", "ISO_A3": "VEN", "ISO_A3_EH": "VEN", "ISO_N3": "862", "ISO_N3_EH": "862", "UN_A3": "862", "WB_A2": "VE", "WB_A3": "VEN", "WOE_ID": 23424982, "WOE_ID_EH": 23424982, "WOE_NOTE": "Exact WOE match as country", "ADM0_ISO": "VEN", "ADM0_DIFF": null, "ADM0_TLC": "VEN", "ADM0_A3_US": "VEN", "ADM0_A3_FR": "VEN", "ADM0_A3_RU": "VEN", "ADM0_A3_ES": "VEN", "ADM0_A3_CN": "VEN", "ADM0_A3_TW": "VEN", "ADM0_A3_IN": "VEN", "ADM0_A3_NP": "VEN", "ADM0_A3_PK": "VEN", "ADM0_A3_DE": "VEN", "ADM0_A3_GB": "VEN", "ADM0_A3_BR": "VEN", "ADM0_A3_IL": "VEN", "ADM0_A3_PS": "VEN", "ADM0_A3_SA": "VEN", "ADM0_A3_EG": "VEN", "ADM0_A3_MA": "VEN", "ADM0_A3_PT": "VEN", "ADM0_A3_AR": "VEN", "ADM0_A3_JP": "VEN", "ADM0_A3_KO": "VEN", "ADM0_A3_VN": "VEN", "ADM0_A3_TR": "VEN", "ADM0_A3_ID": "VEN", "ADM0_A3_PL": "VEN", "ADM0_A3_GR": "VEN", "ADM0_A3_IT": "VEN", "ADM0_A3_NL": "VEN", "ADM0_A3_SE": "VEN", "ADM0_A3_BD": "VEN", "ADM0_A3_UA": "VEN", "ADM0_A3_UN": -99, "ADM0_A3_WB": -99, "CONTINENT": "South America", "REGION_UN": "Americas", "SUBREGION": "South America", "REGION_WB": "Latin America & Caribbean", "NAME_LEN": 9, "LONG_LEN": 9, "ABBREV_LEN": 4, "TINY": -99, "HOMEPART": 1, "MIN_ZOOM": 0, "MIN_LABEL": 2.5, "MAX_LABEL": 7.5, "LABEL_X": -64.599381, "LABEL_Y": 7.182476, "NE_ID": 1159321411, "WIKIDATAID": "Q717", "NAME_AR": "\u0641\u0646\u0632\u0648\u064a\u0644\u0627", "NAME_BN": "\u09ad\u09c7\u09a8\u09c7\u099c\u09c1\u09af\u09bc\u09c7\u09b2\u09be", "NAME_DE": "Venezuela", "NAME_EN": "Venezuela", "NAME_ES": "Venezuela", "NAME_FA": "\u0648\u0646\u0632\u0648\u0626\u0644\u0627", "NAME_FR": "Venezuela", "NAME_EL": "\u0392\u03b5\u03bd\u03b5\u03b6\u03bf\u03c5\u03ad\u03bb\u03b1", "NAME_HE": "\u05d5\u05e0\u05e6\u05d5\u05d0\u05dc\u05d4", "NAME_HI": "\u0935\u0947\u0928\u0947\u091c\u093c\u0941\u090f\u0932\u093e", "NAME_HU": "Venezuela", "NAME_ID": "Venezuela", "NAME_IT": "Venezuela", "NAME_JA": "\u30d9\u30cd\u30ba\u30a8\u30e9", "NAME_KO": "\ubca0\ub124\uc218\uc5d8\ub77c", "NAME_NL": "Venezuela", "NAME_PL": "Wenezuela", "NAME_PT": "Venezuela", "NAME_RU": "\u0412\u0435\u043d\u0435\u0441\u0443\u044d\u043b\u0430", "NAME_SV": "Venezuela", "NAME_TR": "Venezuela", "NAME_UK": "\u0412\u0435\u043d\u0435\u0441\u0443\u0435\u043b\u0430", "NAME_UR": "\u0648\u06cc\u0646\u06cc\u0632\u0648\u06cc\u0644\u0627", "NAME_VI": "Venezuela", "NAME_ZH": "\u59d4\u5185\u745e\u62c9", "NAME_ZHT": "\u59d4\u5167\u745e\u62c9", "FCLASS_ISO": "Admin-0 country", "TLC_DIFF": null, "FCLASS_TLC": "Admin-0 country", "FCLASS_US": null, "FCLASS_FR": null, "FCLASS_RU": null, "FCLASS_ES": null, "FCLASS_CN": null, "FCLASS_TW": null, "FCLASS_IN": null, "FCLASS_NP": null, "FCLASS_PK": null, "FCLASS_DE": null, "FCLASS_GB": null, "FCLASS_BR": null, "FCLASS_IL": null, "FCLASS_PS": null, "FCLASS_SA": null, "FCLASS_EG": null, "FCLASS_MA": null, "FCLASS_PT": null, "FCLASS_AR": null, "FCLASS_JP": null, "FCLASS_KO": null, "FCLASS_VN": null, "FCLASS_TR": null, "FCLASS_ID": null, "FCLASS_PL": null, "FCLASS_GR": null, "FCLASS_IT": null, "FCLASS_NL": null, "FCLASS_SE": null, "FCLASS_BD": null, "FCLASS_UA": null}, "bbox": [-73.304952, 0.724452, -59.758285, 12.162307], "geometry": {"type": "Polygon", "coordinates": [[[-60.733574, 5.200277], [-60.601179, 4.918098], [-60.966893, 4.536468], [-62.08543, 4.162124], [-62.804533, 4.006965], [-63.093198, 3.770571], [-63.888343, 4.02053], [-64.628659, 4.148481], [-64.816064, 4.056445], [-64.368494, 3.79721], [-64.408828, 3.126786], [-64.269999, 2.497006], [-63.422867, 2.411068], [-63.368788, 2.2009], [-64.083085, 1.916369], [-64.199306, 1.492855], [-64.611012, 1.328731], [-65.354713, 1.095282], [-65.548267, 0.789254], [-66.325765, 0.724452], [-66.876326, 1.253361], [-67.181294, 2.250638], [-67.447092, 2.600281], [-67.809938, 2.820655], [-67.303173, 3.318454], [-67.337564, 3.542342], [-67.621836, 3.839482], [-67.823012, 4.503937], [-67.744697, 5.221129], [-67.521532, 5.55687], [-67.34144, 6.095468], [-67.695087, 6.267318], [-68.265052, 6.153268], [-68.985319, 6.206805], [-69.38948, 6.099861], [-70.093313, 6.960376], [-70.674234, 7.087785], [-71.960176, 6.991615], [-72.198352, 7.340431], [-72.444487, 7.423785], [-72.479679, 7.632506], [-72.360901, 8.002638], [-72.439862, 8.405275], [-72.660495, 8.625288], [-72.78873, 9.085027], [-73.304952, 9.152], [-73.027604, 9.73677], [-72.905286, 10.450344], [-72.614658, 10.821975], [-72.227575, 11.108702], [-71.973922, 11.608672], [-71.331584, 11.776284], [-71.360006, 11.539994], [-71.94705, 11.423282], [-71.620868, 10.96946], [-71.633064, 10.446494], [-72.074174, 9.865651], [-71.695644, 9.072263], [-71.264559, 9.137195], [-71.039999, 9.859993], [-71.350084, 10.211935], [-71.400623, 10.968969], [-70.155299, 11.375482], [-70.293843, 11.846822], [-69.943245, 12.162307], [-69.5843, 11.459611], [-68.882999, 11.443385], [-68.233271, 10.885744], [-68.194127, 10.554653], [-67.296249, 10.545868], [-66.227864, 10.648627], [-65.655238, 10.200799], [-64.890452, 10.077215], [-64.329479, 10.389599], [-64.318007, 10.641418], [-63.079322, 10.701724], [-61.880946, 10.715625], [-62.730119, 10.420269], [-62.388512, 9.948204], [-61.588767, 9.873067], [-60.830597, 9.38134], [-60.671252, 8.580174], [-60.150096, 8.602757], [-59.758285, 8.367035], [-60.550588, 7.779603], [-60.637973, 7.415], [-60.295668, 7.043911], [-60.543999, 6.856584], [-61.159336, 6.696077], [-61.139415, 6.234297], [-61.410303, 5.959068], [-60.733574, 5.200277]]]}}, {"type": "Feature", "properties": {"featurecla": "Admin-0 country", "scalerank": 1, "LABELRANK": 4, "SOVEREIGNT": "Guyana", "SOV_A3": "GUY", "ADM0_DIF": 0, "LEVEL": 2, "TYPE": "Sovereign country", "TLC": "1", "ADMIN": "Guyana", "ADM0_A3": "GUY", "GEOU_DIF": 0, "GEOUNIT": "Guyana", "GU_A3": "GUY", "SU_DIF": 0, "SUBUNIT": "Guyana", "SU_A3": "GUY", "BRK_DIFF": 0, "NAME": "Guyana", "NAME_LONG": "Guyana", "BRK_A3": "GUY", "BRK_NAME": "Guyana", "BRK_GROUP": null, "ABBREV": "Guy.", "POSTAL": "GY", "FORMAL_EN": "Co-operative Republic of Guyana", "FORMAL_FR": null, "NAME_CIAWF": "Guyana", "NOTE_ADM0": null, "NOTE_BRK": null, "NAME_SORT": "Guyana", "NAME_ALT": null, "MAPCOLOR7": 3, "MAPCOLOR8": 1, "MAPCOLOR9": 4, "MAPCOLOR13": 8, "POP_EST": 782766, "POP_RANK": 11, "POP_YEAR": 2019, "GDP_MD": 5173, "GDP_YEAR": 2019, "ECONOMY": "6. Developing region", "INCOME_GRP": "4. Lower middle income", "FIPS_10": "GY", "ISO_A2": "GY", "ISO_A2_EH": "GY", "ISO_A3": "GUY", "ISO_A3_EH": "GUY", "ISO_N3": "328", "ISO_N3_EH": "328", "UN_A3": "328", "WB_A2": "GY", "WB_A3": "GUY", "WOE_ID": 23424836, "WOE_ID_EH": 23424836, "WOE_NOTE": "Exact WOE match as country", "ADM0_ISO": "GUY", "ADM0_DIFF": null, "ADM0_TLC": "GUY", "ADM0_A3_US": "GUY", "ADM0_A3_FR": "GUY", "ADM0_A3_RU": "GUY", "ADM0_A3_ES": "GUY", "ADM0_A3_CN": "GUY", "ADM0_A3_TW": "GUY", "ADM0_A3_IN": "GUY", "ADM0_A3_NP": "GUY", "ADM0_A3_PK": "GUY", "ADM0_A3_DE": "GUY", "ADM0_A3_GB": "GUY", "ADM0_A3_BR": "GUY", "ADM0_A3_IL": "GUY", "ADM0_A3_PS": "GUY", "ADM0_A3_SA": "GUY", "ADM0_A3_EG": "GUY", "ADM0_A3_MA": "GUY", "ADM0_A3_PT": "GUY", "ADM0_A3_AR": "GUY", "ADM0_A3_JP": "GUY", "ADM0_A3_KO": "GUY", "ADM0_A3_VN": "GUY", "ADM0_A3_TR": "GUY", "ADM0_A3_ID": "GUY", "ADM0_A3_PL": "GUY", "ADM0_A3_GR": "GUY", "ADM0_A3_IT": "GUY", "ADM0_A3_NL": "GUY", "ADM0_A3_SE": "GUY", "ADM0_A3_BD": "GUY", "ADM0_A3_UA": "GUY", "ADM0_A3_UN": -99, "ADM0_A3_WB": -99, "CONTINENT": "South America", "REGION_UN": "Americas", "SUBREGION": "South America", "REGION_WB": "Latin America & Caribbean", "NAME_LEN": 6, "LONG_LEN": 6, "ABBREV_LEN": 4, "TINY": -99, "HOMEPART": 1, "MIN_ZOOM": 0, "MIN_LABEL": 4, "MAX_LABEL": 9, "LABEL_X": -58.942643, "LABEL_Y": 5.124317, "NE_ID": 1159320817, "WIKIDATAID": "Q734", "NAME_AR": "\u063a\u064a\u0627\u0646\u0627", "NAME_BN": "\u0997\u09be\u09af\u09bc\u09be\u09a8\u09be", "NAME_DE": "Guyana", "NAME_EN": "Guyana", "NAME_ES": "Guyana", "NAME_FA": "\u06af\u0648\u06cc\u0627\u0646", "NAME_FR": "Guyana", "NAME_EL": "\u0393\u03bf\u03c5\u03b9\u03ac\u03bd\u03b1", "NAME_HE": "\u05d2\u05d9\u05d0\u05e0\u05d4", "NAME_HI": "\u0917\u092f\u093e\u0928\u093e", "NAME_HU": "Guyana", "NAME_ID": "Guyana", "NAME_IT": "Guyana", "NAME_JA": "\u30ac\u30a4\u30a2\u30ca", "NAME_KO": "\uac00\uc774\uc544\ub098", "NAME_NL": "Guyana", "NAME_PL": "Gujana", "NAME_PT": "Guiana", "NAME_RU": "\u0413\u0430\u0439\u0430\u043d\u0430", "NAME_SV": "Guyana", "NAME_TR": "Guyana", "NAME_UK": "\u0413\u0430\u044f\u043d\u0430", "NAME_UR": "\u06af\u06cc\u0627\u0646\u0627", "NAME_VI": "Guyana", "NAME_ZH": "\u572d\u4e9a\u90a3", "NAME_ZHT": "\u572d\u4e9e\u90a3", "FCLASS_ISO": "Admin-0 country", "TLC_DIFF": null, "FCLASS_TLC": "Admin-0 country", "FCLASS_US": null, "FCLASS_FR": null, "FCLASS_RU": null, "FCLASS_ES": null, "FCLASS_CN": null, "FCLASS_TW": null, "FCLASS_IN": null, "FCLASS_NP": null, "FCLASS_PK": null, "FCLASS_DE": null, "FCLASS_GB": null, "FCLASS_BR": null, "FCLASS_IL": null, "FCLASS_PS": null, "FCLASS_SA": null, "FCLASS_EG": null, "FCLASS_MA": null, "FCLASS_PT": null, "FCLASS_AR": null, "FCLASS_JP": null, "FCLASS_KO": null, "FCLASS_VN": null, "FCLASS_TR": null, "FCLASS_ID": null, "FCLASS_PL": null, "FCLASS_GR": null, "FCLASS_IT": null, "FCLASS_NL": null, "FCLASS_SE": null, "FCLASS_BD": null, "FCLASS_UA": null}, "bbox": [-61.410303, 1.268088, -56.539386, 8.367035], "geometry": {"type": "Polygon", "coordinates": [[[-56.539386, 1.899523], [-56.782704, 1.863711], [-57.335823, 1.948538], [-57.660971, 1.682585], [-58.11345, 1.507195], [-58.429477, 1.463942], [-58.540013, 1.268088], [-59.030862, 1.317698], [-59.646044, 1.786894], [-59.718546, 2.24963], [-59.974525, 2.755233], [-59.815413, 3.606499], [-59.53804, 3.958803], [-59.767406, 4.423503], [-60.111002, 4.574967], [-59.980959, 5.014061], [-60.213683, 5.244486], [-60.733574, 5.200277], [-61.410303, 5.959068], [-61.139415, 6.234297], [-61.159336, 6.696077], [-60.543999, 6.856584], [-60.295668, 7.043911], [-60.637973, 7.415], [-60.550588, 7.779603], [-59.758285, 8.367035], [-59.101684, 7.999202], [-58.482962, 7.347691], [-58.454876, 6.832787], [-58.078103, 6.809094], [-57.542219, 6.321268], [-57.147436, 5.97315], [-57.307246, 5.073567], [-57.914289, 4.812626], [-57.86021, 4.576801], [-58.044694, 4.060864], [-57.601569, 3.334655], [-57.281433, 3.333492], [-57.150098, 2.768927], [-56.539386, 1.899523]]]}}, {"type": "Feature", "properties": {"featurecla": "Admin-0 country", "scalerank": 1, "LABELRANK": 4, "SOVEREIGNT": "Suriname", "SOV_A3": "SUR", "ADM0_DIF": 0, "LEVEL": 2, "TYPE": "Sovereign country", "TLC": "1", "ADMIN": "Suriname", "ADM0_A3": "SUR", "GEOU_DIF": 0, "GEOUNIT": "Suriname", "GU_A3": "SUR", "SU_DIF": 0, "SUBUNIT": "Suriname", "SU_A3": "SUR", "BRK_DIFF": 0, "NAME": "Suriname", "NAME_LONG": "Suriname", "BRK_A3": "SUR", "BRK_NAME": "Suriname", "BRK_GROUP": null, "ABBREV": "Sur.", "POSTAL": "SR", "FORMAL_EN": "Republic of Suriname", "FORMAL_FR": null, "NAME_CIAWF": "Suriname", "NOTE_ADM0": null, "NOTE_BRK": null, "NAME_SORT": "Suriname", "NAME_ALT": null, "MAPCOLOR7": 1, "MAPCOLOR8": 4, "MAPCOLOR9": 7, "MAPCOLOR13": 6, "POP_EST": 581363, "POP_RANK": 11, "POP_YEAR": 2019, "GDP_MD": 3697, "GDP_YEAR": 2019, "ECONOMY": "6. Developing region", "INCOME_GRP": "3. Upper middle income", "FIPS_10": "NS", "ISO_A2": "SR", "ISO_A2_EH": "SR", "ISO_A3": "SUR", "ISO_A3_EH": "SUR", "ISO_N3": "740", "ISO_N3_EH": "740", "UN_A3": "740", "WB_A2": "SR", "WB_A3": "SUR", "WOE_ID": 23424913, "WOE_ID_EH": 23424913, "WOE_NOTE": "Exact WOE match as country", "ADM0_ISO": "SUR", "ADM0_DIFF": null, "ADM0_TLC": "SUR", "ADM0_A3_US": "SUR", "ADM0_A3_FR": "SUR", "ADM0_A3_RU": "SUR", "ADM0_A3_ES": "SUR", "ADM0_A3_CN": "SUR", "ADM0_A3_TW": "SUR", "ADM0_A3_IN": "SUR", "ADM0_A3_NP": "SUR", "ADM0_A3_PK": "SUR", "ADM0_A3_DE": "SUR", "ADM0_A3_GB": "SUR", "ADM0_A3_BR": "SUR", "ADM0_A3_IL": "SUR", "ADM0_A3_PS": "SUR", "ADM0_A3_SA": "SUR", "ADM0_A3_EG": "SUR", "ADM0_A3_MA": "SUR", "ADM0_A3_PT": "SUR", "ADM0_A3_AR": "SUR", "ADM0_A3_JP": "SUR", "ADM0_A3_KO": "SUR", "ADM0_A3_VN": "SUR", "ADM0_A3_TR": "SUR", "ADM0_A3_ID": "SUR", "ADM0_A3_PL": "SUR", "ADM0_A3_GR": "SUR", "ADM0_A3_IT": "SUR", "ADM0_A3_NL": "SUR", "ADM0_A3_SE": "SUR", "ADM0_A3_BD": "SUR", "ADM0_A3_UA": "SUR", "ADM0_A3_UN": -99, "ADM0_A3_WB": -99, "CONTINENT": "South America", "REGION_UN": "Americas", "SUBREGION": "South America", "REGION_WB": "Latin America & Caribbean", "NAME_LEN": 8, "LONG_LEN": 8, "ABBREV_LEN": 4, "TINY": -99, "HOMEPART": 1, "MIN_ZOOM": 0, "MIN_LABEL": 4, "MAX_LABEL": 9, "LABEL_X": -55.91094, "LABEL_Y": 4.143987, "NE_ID": 1159321281, "WIKIDATAID": "Q730", "NAME_AR": "\u0633\u0648\u0631\u064a\u0646\u0627\u0645", "NAME_BN": "\u09b8\u09c1\u09b0\u09bf\u09a8\u09be\u09ae", "NAME_DE": "Suriname", "NAME_EN": "Suriname", "NAME_ES": "Surinam", "NAME_FA": "\u0633\u0648\u0631\u06cc\u0646\u0627\u0645", "NAME_FR": "Suriname", "NAME_EL": "\u03a3\u03bf\u03c5\u03c1\u03b9\u03bd\u03ac\u03bc", "NAME_HE": "\u05e1\u05d5\u05e8\u05d9\u05e0\u05d0\u05dd", "NAME_HI": "\u0938\u0942\u0930\u0940\u0928\u093e\u092e", "NAME_HU": "Suriname", "NAME_ID": "Suriname", "NAME_IT": "Suriname", "NAME_JA": "\u30b9\u30ea\u30ca\u30e0", "NAME_KO": "\uc218\ub9ac\ub0a8", "NAME_NL": "Suriname", "NAME_PL": "Surinam", "NAME_PT": "Suriname", "NAME_RU": "\u0421\u0443\u0440\u0438\u043d\u0430\u043c", "NAME_SV": "Surinam", "NAME_TR": "Surinam", "NAME_UK": "\u0421\u0443\u0440\u0438\u043d\u0430\u043c", "NAME_UR": "\u0633\u0631\u06cc\u0646\u0627\u0645", "NAME_VI": "Suriname", "NAME_ZH": "\u82cf\u91cc\u5357", "NAME_ZHT": "\u8607\u5229\u5357", "FCLASS_ISO": "Admin-0 country", "TLC_DIFF": null, "FCLASS_TLC": "Admin-0 country", "FCLASS_US": null, "FCLASS_FR": null, "FCLASS_RU": null, "FCLASS_ES": null, "FCLASS_CN": null, "FCLASS_TW": null, "FCLASS_IN": null, "FCLASS_NP": null, "FCLASS_PK": null, "FCLASS_DE": null, "FCLASS_GB": null, "FCLASS_BR": null, "FCLASS_IL": null, "FCLASS_PS": null, "FCLASS_SA": null, "FCLASS_EG": null, "FCLASS_MA": null, "FCLASS_PT": null, "FCLASS_AR": null, "FCLASS_JP": null, "FCLASS_KO": null, "FCLASS_VN": null, "FCLASS_TR": null, "FCLASS_ID": null, "FCLASS_PL": null, "FCLASS_GR": null, "FCLASS_IT": null, "FCLASS_NL": null, "FCLASS_SE": null, "FCLASS_BD": null, "FCLASS_UA": null}, "bbox": [-58.044694, 1.817667, -53.958045, 6.025291], "geometry": {"type": "Polygon", "coordinates": [[[-54.524754, 2.311849], [-55.097587, 2.523748], [-55.569755, 2.421506], [-55.973322, 2.510364], [-56.073342, 2.220795], [-55.9056, 2.021996], [-55.995698, 1.817667], [-56.539386, 1.899523], [-57.150098, 2.768927], [-57.281433, 3.333492], [-57.601569, 3.334655], [-58.044694, 4.060864], [-57.86021, 4.576801], [-57.914289, 4.812626], [-57.307246, 5.073567], [-57.147436, 5.97315], [-55.949318, 5.772878], [-55.84178, 5.953125], [-55.03325, 6.025291], [-53.958045, 5.756548], [-54.478633, 4.896756], [-54.399542, 4.212611], [-54.006931, 3.620038], [-54.181726, 3.18978], [-54.269705, 2.732392], [-54.524754, 2.311849]]]}}, {"type": "Feature", "properties": {"featurecla": "Admin-0 country", "scalerank": 1, "LABELRANK": 2, "SOVEREIGNT": "France", "SOV_A3": "FR1", "ADM0_DIF": 1, "LEVEL": 2, "TYPE": "Country", "TLC": "1", "ADMIN": "France", "ADM0_A3": "FRA", "GEOU_DIF": 0, "GEOUNIT": "France", "GU_A3": "FRA", "SU_DIF": 0, "SUBUNIT": "France", "SU_A3": "FRA", "BRK_DIFF": 0, "NAME": "France", "NAME_LONG": "France", "BRK_A3": "FRA", "BRK_NAME": "France", "BRK_GROUP": null, "ABBREV": "Fr.", "POSTAL": "F", "FORMAL_EN": "French Republic", "FORMAL_FR": null, "NAME_CIAWF": "France", "NOTE_ADM0": null, "NOTE_BRK": null, "NAME_SORT": "France", "NAME_ALT": null, "MAPCOLOR7": 7, "MAPCOLOR8": 5, "MAPCOLOR9": 9, "MAPCOLOR13": 11, "POP_EST": 67059887, "POP_RANK": 16, "POP_YEAR": 2019, "GDP_MD": 2715518, "GDP_YEAR": 2019, "ECONOMY": "1. Developed region: G7", "INCOME_GRP": "1. High income: OECD", "FIPS_10": "FR", "ISO_A2": "-99", "ISO_A2_EH": "FR", "ISO_A3": "-99", "ISO_A3_EH": "FRA", "ISO_N3": "-99", "ISO_N3_EH": "250", "UN_A3": "250", "WB_A2": "FR", "WB_A3": "FRA", "WOE_ID": -90, "WOE_ID_EH": 23424819, "WOE_NOTE": "Includes only Metropolitan France (including Corsica)", "ADM0_ISO": "FRA", "ADM0_DIFF": null, "ADM0_TLC": "FRA", "ADM0_A3_US": "FRA", "ADM0_A3_FR": "FRA", "ADM0_A3_RU": "FRA", "ADM0_A3_ES": "FRA", "ADM0_A3_CN": "FRA", "ADM0_A3_TW": "FRA", "ADM0_A3_IN": "FRA", "ADM0_A3_NP": "FRA", "ADM0_A3_PK": "FRA", "ADM0_A3_DE": "FRA", "ADM0_A3_GB": "FRA", "ADM0_A3_BR": "FRA", "ADM0_A3_IL": "FRA", "ADM0_A3_PS": "FRA", "ADM0_A3_SA": "FRA", "ADM0_A3_EG": "FRA", "ADM0_A3_MA": "FRA", "ADM0_A3_PT": "FRA", "ADM0_A3_AR": "FRA", "ADM0_A3_JP": "FRA", "ADM0_A3_KO": "FRA", "ADM0_A3_VN": "FRA", "ADM0_A3_TR": "FRA", "ADM0_A3_ID": "FRA", "ADM0_A3_PL": "FRA", "ADM0_A3_GR": "FRA", "ADM0_A3_IT": "FRA", "ADM0_A3_NL": "FRA", "ADM0_A3_SE": "FRA", "ADM0_A3_BD": "FRA", "ADM0_A3_UA": "FRA", "ADM0_A3_UN": -99, "ADM0_A3_WB": -99, "CONTINENT": "Europe", "REGION_UN": "Europe", "SUBREGION": "Western Europe", "REGION_WB": "Europe & Central Asia", "NAME_LEN": 6, "LONG_LEN": 6, "ABBREV_LEN": 3, "TINY": -99, "HOMEPART": 1, "MIN_ZOOM": 0, "MIN_LABEL": 1.7, "MAX_LABEL": 6.7, "LABEL_X": 2.552275, "LABEL_Y": 46.696113, "NE_ID": 1159320637, "WIKIDATAID": "Q142", "NAME_AR": "\u0641\u0631\u0646\u0633\u0627", "NAME_BN": "\u09ab\u09cd\u09b0\u09be\u09a8\u09cd\u09b8", "NAME_DE": "Frankreich", "NAME_EN": "France", "NAME_ES": "Francia", "NAME_FA": "\u0641\u0631\u0627\u0646\u0633\u0647", "NAME_FR": "France", "NAME_EL": "\u0393\u03b1\u03bb\u03bb\u03af\u03b1", "NAME_HE": "\u05e6\u05e8\u05e4\u05ea", "NAME_HI": "\u092b\u093c\u094d\u0930\u093e\u0928\u094d\u0938", "NAME_HU": "Franciaorsz\u00e1g", "NAME_ID": "Prancis", "NAME_IT": "Francia", "NAME_JA": "\u30d5\u30e9\u30f3\u30b9", "NAME_KO": "\ud504\ub791\uc2a4", "NAME_NL": "Frankrijk", "NAME_PL": "Francja", "NAME_PT": "Fran\u00e7a", "NAME_RU": "\u0424\u0440\u0430\u043d\u0446\u0438\u044f", "NAME_SV": "Frankrike", "NAME_TR": "Fransa", "NAME_UK": "\u0424\u0440\u0430\u043d\u0446\u0456\u044f", "NAME_UR": "\u0641\u0631\u0627\u0646\u0633", "NAME_VI": "Ph\u00e1p", "NAME_ZH": "\u6cd5\u56fd", "NAME_ZHT": "\u6cd5\u570b", "FCLASS_ISO": "Admin-0 country", "TLC_DIFF": null, "FCLASS_TLC": "Admin-0 country", "FCLASS_US": null, "FCLASS_FR": null, "FCLASS_RU": null, "FCLASS_ES": null, "FCLASS_CN": null, "FCLASS_TW": null, "FCLASS_IN": null, "FCLASS_NP": null, "FCLASS_PK": null, "FCLASS_DE": null, "FCLASS_GB": null, "FCLASS_BR": null, "FCLASS_IL": null, "FCLASS_PS": null, "FCLASS_SA": null, "FCLASS_EG": null, "FCLASS_MA": null, "FCLASS_PT": null, "FCLASS_AR": null, "FCLASS_JP": null, "FCLASS_KO": null, "FCLASS_VN": null, "FCLASS_TR": null, "FCLASS_ID": null, "FCLASS_PL": null, "FCLASS_GR": null, "FCLASS_IT": null, "FCLASS_NL": null, "FCLASS_SE": null, "FCLASS_BD": null, "FCLASS_UA": null}, "bbox": [-54.524754, 2.053389, 9.560016, 51.148506], "geometry": {"type": "MultiPolygon", "coordinates": [[[[-51.657797, 4.156232], [-52.249338, 3.241094], [-52.556425, 2.504705], [-52.939657, 2.124858], [-53.418465, 2.053389], [-53.554839, 2.334897], [-53.778521, 2.376703], [-54.088063, 2.105557], [-54.524754, 2.311849], [-54.269705, 2.732392], [-54.181726, 3.18978], [-54.006931, 3.620038], [-54.399542, 4.212611], [-54.478633, 4.896756], [-53.958045, 5.756548], [-53.618453, 5.646529], [-52.882141, 5.409851], [-51.823343, 4.565768], [-51.657797, 4.156232]]], [[[6.18632, 49.463803], [6.65823, 49.201958], [8.099279, 49.017784], [7.593676, 48.333019], [7.466759, 47.620582], [7.192202, 47.449766], [6.736571, 47.541801], [6.768714, 47.287708], [6.037389, 46.725779], [6.022609, 46.27299], [6.5001, 46.429673], [6.843593, 45.991147], [6.802355, 45.70858], [7.096652, 45.333099], [6.749955, 45.028518], [7.007562, 44.254767], [7.549596, 44.127901], [7.435185, 43.693845], [6.529245, 43.128892], [4.556963, 43.399651], [3.100411, 43.075201], [2.985999, 42.473015], [1.826793, 42.343385], [0.701591, 42.795734], [0.338047, 42.579546], [-1.502771, 43.034014], [-1.901351, 43.422802], [-1.384225, 44.02261], [-1.193798, 46.014918], [-2.225724, 47.064363], [-2.963276, 47.570327], [-4.491555, 47.954954], [-4.59235, 48.68416], [-3.295814, 48.901692], [-1.616511, 48.644421], [-1.933494, 49.776342], [-0.989469, 49.347376], [1.338761, 50.127173], [1.639001, 50.946606], [2.513573, 51.148506], [2.658422, 50.796848], [3.123252, 50.780363], [3.588184, 50.378992], [4.286023, 49.907497], [4.799222, 49.985373], [5.674052, 49.529484], [5.897759, 49.442667], [6.18632, 49.463803]]], [[[8.746009, 42.628122], [9.390001, 43.009985], [9.560016, 42.152492], [9.229752, 41.380007], [8.775723, 41.583612], [8.544213, 42.256517], [8.746009, 42.628122]]]]}}, {"type": "Feature", "properties": {"featurecla": "Admin-0 country", "scalerank": 1, "LABELRANK": 3, "SOVEREIGNT": "Ecuador", "SOV_A3": "ECU", "ADM0_DIF": 0, "LEVEL": 2, "TYPE": "Sovereign country", "TLC": "1", "ADMIN": "Ecuador", "ADM0_A3": "ECU", "GEOU_DIF": 0, "GEOUNIT": "Ecuador", "GU_A3": "ECU", "SU_DIF": 0, "SUBUNIT": "Ecuador", "SU_A3": "ECU", "BRK_DIFF": 0, "NAME": "Ecuador", "NAME_LONG": "Ecuador", "BRK_A3": "ECU", "BRK_NAME": "Ecuador", "BRK_GROUP": null, "ABBREV": "Ecu.", "POSTAL": "EC", "FORMAL_EN": "Republic of Ecuador", "FORMAL_FR": null, "NAME_CIAWF": "Ecuador", "NOTE_ADM0": null, "NOTE_BRK": null, "NAME_SORT": "Ecuador", "NAME_ALT": null, "MAPCOLOR7": 1, "MAPCOLOR8": 5, "MAPCOLOR9": 2, "MAPCOLOR13": 12, "POP_EST": 17373662, "POP_RANK": 14, "POP_YEAR": 2019, "GDP_MD": 107435, "GDP_YEAR": 2019, "ECONOMY": "6. Developing region", "INCOME_GRP": "3. Upper middle income", "FIPS_10": "EC", "ISO_A2": "EC", "ISO_A2_EH": "EC", "ISO_A3": "ECU", "ISO_A3_EH": "ECU", "ISO_N3": "218", "ISO_N3_EH": "218", "UN_A3": "218", "WB_A2": "EC", "WB_A3": "ECU", "WOE_ID": 23424801, "WOE_ID_EH": 23424801, "WOE_NOTE": "Exact WOE match as country", "ADM0_ISO": "ECU", "ADM0_DIFF": null, "ADM0_TLC": "ECU", "ADM0_A3_US": "ECU", "ADM0_A3_FR": "ECU", "ADM0_A3_RU": "ECU", "ADM0_A3_ES": "ECU", "ADM0_A3_CN": "ECU", "ADM0_A3_TW": "ECU", "ADM0_A3_IN": "ECU", "ADM0_A3_NP": "ECU", "ADM0_A3_PK": "ECU", "ADM0_A3_DE": "ECU", "ADM0_A3_GB": "ECU", "ADM0_A3_BR": "ECU", "ADM0_A3_IL": "ECU", "ADM0_A3_PS": "ECU", "ADM0_A3_SA": "ECU", "ADM0_A3_EG": "ECU", "ADM0_A3_MA": "ECU", "ADM0_A3_PT": "ECU", "ADM0_A3_AR": "ECU", "ADM0_A3_JP": "ECU", "ADM0_A3_KO": "ECU", "ADM0_A3_VN": "ECU", "ADM0_A3_TR": "ECU", "ADM0_A3_ID": "ECU", "ADM0_A3_PL": "ECU", "ADM0_A3_GR": "ECU", "ADM0_A3_IT": "ECU", "ADM0_A3_NL": "ECU", "ADM0_A3_SE": "ECU", "ADM0_A3_BD": "ECU", "ADM0_A3_UA": "ECU", "ADM0_A3_UN": -99, "ADM0_A3_WB": -99, "CONTINENT": "South America", "REGION_UN": "Americas", "SUBREGION": "South America", "REGION_WB": "Latin America & Caribbean", "NAME_LEN": 7, "LONG_LEN": 7, "ABBREV_LEN": 4, "TINY": -99, "HOMEPART": 1, "MIN_ZOOM": 0, "MIN_LABEL": 3, "MAX_LABEL": 8, "LABEL_X": -78.188375, "LABEL_Y": -1.259076, "NE_ID": 1159320567, "WIKIDATAID": "Q736", "NAME_AR": "\u0627\u0644\u0625\u0643\u0648\u0627\u062f\u0648\u0631", "NAME_BN": "\u0987\u0995\u09c1\u09af\u09bc\u09c7\u09a1\u09b0", "NAME_DE": "Ecuador", "NAME_EN": "Ecuador", "NAME_ES": "Ecuador", "NAME_FA": "\u0627\u06a9\u0648\u0627\u062f\u0648\u0631", "NAME_FR": "\u00c9quateur", "NAME_EL": "\u0395\u03ba\u03bf\u03c5\u03b1\u03b4\u03cc\u03c1", "NAME_HE": "\u05d0\u05e7\u05d5\u05d5\u05d3\u05d5\u05e8", "NAME_HI": "\u0908\u0915\u094d\u0935\u093e\u0921\u094b\u0930", "NAME_HU": "Ecuador", "NAME_ID": "Ekuador", "NAME_IT": "Ecuador", "NAME_JA": "\u30a8\u30af\u30a2\u30c9\u30eb", "NAME_KO": "\uc5d0\ucf70\ub3c4\ub974", "NAME_NL": "Ecuador", "NAME_PL": "Ekwador", "NAME_PT": "Equador", "NAME_RU": "\u042d\u043a\u0432\u0430\u0434\u043e\u0440", "NAME_SV": "Ecuador", "NAME_TR": "Ekvador", "NAME_UK": "\u0415\u043a\u0432\u0430\u0434\u043e\u0440", "NAME_UR": "\u0627\u06cc\u06a9\u0648\u0627\u0688\u0648\u0631", "NAME_VI": "Ecuador", "NAME_ZH": "\u5384\u74dc\u591a\u5c14", "NAME_ZHT": "\u5384\u74dc\u591a\u723e", "FCLASS_ISO": "Admin-0 country", "TLC_DIFF": null, "FCLASS_TLC": "Admin-0 country", "FCLASS_US": null, "FCLASS_FR": null, "FCLASS_RU": null, "FCLASS_ES": null, "FCLASS_CN": null, "FCLASS_TW": null, "FCLASS_IN": null, "FCLASS_NP": null, "FCLASS_PK": null, "FCLASS_DE": null, "FCLASS_GB": null, "FCLASS_BR": null, "FCLASS_IL": null, "FCLASS_PS": null, "FCLASS_SA": null, "FCLASS_EG": null, "FCLASS_MA": null, "FCLASS_PT": null, "FCLASS_AR": null, "FCLASS_JP": null, "FCLASS_KO": null, "FCLASS_VN": null, "FCLASS_TR": null, "FCLASS_ID": null, "FCLASS_PL": null, "FCLASS_GR": null, "FCLASS_IT": null, "FCLASS_NL": null, "FCLASS_SE": null, "FCLASS_BD": null, "FCLASS_UA": null}, "bbox": [-80.967765, -4.959129, -75.233723, 1.380924], "geometry": {"type": "Polygon", "coordinates": [[[-75.373223, -0.152032], [-75.233723, -0.911417], [-75.544996, -1.56161], [-76.635394, -2.608678], [-77.837905, -3.003021], [-78.450684, -3.873097], [-78.639897, -4.547784], [-79.205289, -4.959129], [-79.624979, -4.454198], [-80.028908, -4.346091], [-80.442242, -4.425724], [-80.469295, -4.059287], [-80.184015, -3.821162], [-80.302561, -3.404856], [-79.770293, -2.657512], [-79.986559, -2.220794], [-80.368784, -2.685159], [-80.967765, -2.246943], [-80.764806, -1.965048], [-80.933659, -1.057455], [-80.58337, -0.906663], [-80.399325, -0.283703], [-80.020898, 0.36034], [-80.09061, 0.768429], [-79.542762, 0.982938], [-78.855259, 1.380924], [-77.855061, 0.809925], [-77.668613, 0.825893], [-77.424984, 0.395687], [-76.57638, 0.256936], [-76.292314, 0.416047], [-75.801466, 0.084801], [-75.373223, -0.152032]]]}}, {"type": "Feature", "properties": {"featurecla": "Admin-0 country", "scalerank": 1, "LABELRANK": 5, "SOVEREIGNT": "United States of America", "SOV_A3": "US1", "ADM0_DIF": 1, "LEVEL": 2, "TYPE": "Dependency", "TLC": "1", "ADMIN": "Puerto Rico", "ADM0_A3": "PRI", "GEOU_DIF": 0, "GEOUNIT": "Puerto Rico", "GU_A3": "PRI", "SU_DIF": 0, "SUBUNIT": "Puerto Rico", "SU_A3": "PRI", "BRK_DIFF": 0, "NAME": "Puerto Rico", "NAME_LONG": "Puerto Rico", "BRK_A3": "PRI", "BRK_NAME": "Puerto Rico", "BRK_GROUP": null, "ABBREV": "P.R.", "POSTAL": "PR", "FORMAL_EN": "Commonwealth of Puerto Rico", "FORMAL_FR": null, "NAME_CIAWF": "Puerto Rico", "NOTE_ADM0": "U.S.A.", "NOTE_BRK": null, "NAME_SORT": "Puerto Rico", "NAME_ALT": null, "MAPCOLOR7": 4, "MAPCOLOR8": 5, "MAPCOLOR9": 1, "MAPCOLOR13": 1, "POP_EST": 3193694, "POP_RANK": 12, "POP_YEAR": 2019, "GDP_MD": 104988, "GDP_YEAR": 2019, "ECONOMY": "6. Developing region", "INCOME_GRP": "2. High income: nonOECD", "FIPS_10": "RQ", "ISO_A2": "PR", "ISO_A2_EH": "PR", "ISO_A3": "PRI", "ISO_A3_EH": "PRI", "ISO_N3": "630", "ISO_N3_EH": "630", "UN_A3": "630", "WB_A2": "PR", "WB_A3": "PRI", "WOE_ID": 23424935, "WOE_ID_EH": 23424935, "WOE_NOTE": "Exact WOE match as country", "ADM0_ISO": "PRI", "ADM0_DIFF": null, "ADM0_TLC": "PRI", "ADM0_A3_US": "PRI", "ADM0_A3_FR": "PRI", "ADM0_A3_RU": "PRI", "ADM0_A3_ES": "PRI", "ADM0_A3_CN": "PRI", "ADM0_A3_TW": "PRI", "ADM0_A3_IN": "PRI", "ADM0_A3_NP": "PRI", "ADM0_A3_PK": "PRI", "ADM0_A3_DE": "PRI", "ADM0_A3_GB": "PRI", "ADM0_A3_BR": "PRI", "ADM0_A3_IL": "PRI", "ADM0_A3_PS": "PRI", "ADM0_A3_SA": "PRI", "ADM0_A3_EG": "PRI", "ADM0_A3_MA": "PRI", "ADM0_A3_PT": "PRI", "ADM0_A3_AR": "PRI", "ADM0_A3_JP": "PRI", "ADM0_A3_KO": "PRI", "ADM0_A3_VN": "PRI", "ADM0_A3_TR": "PRI", "ADM0_A3_ID": "PRI", "ADM0_A3_PL": "PRI", "ADM0_A3_GR": "PRI", "ADM0_A3_IT": "PRI", "ADM0_A3_NL": "PRI", "ADM0_A3_SE": "PRI", "ADM0_A3_BD": "PRI", "ADM0_A3_UA": "PRI", "ADM0_A3_UN": -99, "ADM0_A3_WB": -99, "CONTINENT": "North America", "REGION_UN": "Americas", "SUBREGION": "Caribbean", "REGION_WB": "Latin America & Caribbean", "NAME_LEN": 11, "LONG_LEN": 11, "ABBREV_LEN": 4, "TINY": -99, "HOMEPART": -99, "MIN_ZOOM": 0, "MIN_LABEL": 3, "MAX_LABEL": 8, "LABEL_X": -66.481065, "LABEL_Y": 18.234668, "NE_ID": 1159321363, "WIKIDATAID": "Q1183", "NAME_AR": "\u0628\u0648\u0631\u062a\u0648\u0631\u064a\u0643\u0648", "NAME_BN": "\u09aa\u09c1\u09af\u09bc\u09c7\u09b0\u09cd\u09a4\u09cb \u09b0\u09bf\u0995\u09cb", "NAME_DE": "Puerto Rico", "NAME_EN": "Puerto Rico", "NAME_ES": "Puerto Rico", "NAME_FA": "\u067e\u0648\u0631\u062a\u0648\u0631\u06cc\u06a9\u0648", "NAME_FR": "Porto Rico", "NAME_EL": "\u03a0\u03bf\u03c5\u03ad\u03c1\u03c4\u03bf \u03a1\u03af\u03ba\u03bf", "NAME_HE": "\u05e4\u05d5\u05d0\u05e8\u05d8\u05d5 \u05e8\u05d9\u05e7\u05d5", "NAME_HI": "\u092a\u094b\u0930\u094d\u091f\u094b \u0930\u0940\u0915\u094b", "NAME_HU": "Puerto Rico", "NAME_ID": "Puerto Riko", "NAME_IT": "Porto Rico", "NAME_JA": "\u30d7\u30a8\u30eb\u30c8\u30ea\u30b3", "NAME_KO": "\ud478\uc5d0\ub974\ud1a0\ub9ac\ucf54", "NAME_NL": "Puerto Rico", "NAME_PL": "Portoryko", "NAME_PT": "Porto Rico", "NAME_RU": "\u041f\u0443\u044d\u0440\u0442\u043e-\u0420\u0438\u043a\u043e", "NAME_SV": "Puerto Rico", "NAME_TR": "Porto Riko", "NAME_UK": "\u041f\u0443\u0435\u0440\u0442\u043e-\u0420\u0438\u043a\u043e", "NAME_UR": "\u067e\u0648\u0631\u0679\u0648 \u0631\u06cc\u06a9\u0648", "NAME_VI": "Puerto Rico", "NAME_ZH": "\u6ce2\u591a\u9ece\u5404", "NAME_ZHT": "\u6ce2\u591a\u9ece\u5404", "FCLASS_ISO": "Admin-0 dependency", "TLC_DIFF": null, "FCLASS_TLC": "Admin-0 dependency", "FCLASS_US": null, "FCLASS_FR": null, "FCLASS_RU": null, "FCLASS_ES": null, "FCLASS_CN": null, "FCLASS_TW": null, "FCLASS_IN": null, "FCLASS_NP": null, "FCLASS_PK": null, "FCLASS_DE": null, "FCLASS_GB": null, "FCLASS_BR": null, "FCLASS_IL": null, "FCLASS_PS": null, "FCLASS_SA": null, "FCLASS_EG": null, "FCLASS_MA": null, "FCLASS_PT": null, "FCLASS_AR": null, "FCLASS_JP": null, "FCLASS_KO": null, "FCLASS_VN": null, "FCLASS_TR": null, "FCLASS_ID": null, "FCLASS_PL": null, "FCLASS_GR": null, "FCLASS_IT": null, "FCLASS_NL": null, "FCLASS_SE": null, "FCLASS_BD": null, "FCLASS_UA": null}, "bbox": [-67.242428, 17.946553, -65.591004, 18.520601], "geometry": {"type": "Polygon", "coordinates": [[[-66.282434, 18.514762], [-65.771303, 18.426679], [-65.591004, 18.228035], [-65.847164, 17.975906], [-66.599934, 17.981823], [-67.184162, 17.946553], [-67.242428, 18.37446], [-67.100679, 18.520601], [-66.282434, 18.514762]]]}}, {"type": "Feature", "properties": {"featurecla": "Admin-0 country", "scalerank": 1, "LABELRANK": 4, "SOVEREIGNT": "Jamaica", "SOV_A3": "JAM", "ADM0_DIF": 0, "LEVEL": 2, "TYPE": "Sovereign country", "TLC": "1", "ADMIN": "Jamaica", "ADM0_A3": "JAM", "GEOU_DIF": 0, "GEOUNIT": "Jamaica", "GU_A3": "JAM", "SU_DIF": 0, "SUBUNIT": "Jamaica", "SU_A3": "JAM", "BRK_DIFF": 0, "NAME": "Jamaica", "NAME_LONG": "Jamaica", "BRK_A3": "JAM", "BRK_NAME": "Jamaica", "BRK_GROUP": null, "ABBREV": "Jam.", "POSTAL": "J", "FORMAL_EN": "Jamaica", "FORMAL_FR": null, "NAME_CIAWF": "Jamaica", "NOTE_ADM0": null, "NOTE_BRK": null, "NAME_SORT": "Jamaica", "NAME_ALT": null, "MAPCOLOR7": 1, "MAPCOLOR8": 2, "MAPCOLOR9": 4, "MAPCOLOR13": 10, "POP_EST": 2948279, "POP_RANK": 12, "POP_YEAR": 2019, "GDP_MD": 16458, "GDP_YEAR": 2019, "ECONOMY": "6. Developing region", "INCOME_GRP": "3. Upper middle income", "FIPS_10": "JM", "ISO_A2": "JM", "ISO_A2_EH": "JM", "ISO_A3": "JAM", "ISO_A3_EH": "JAM", "ISO_N3": "388", "ISO_N3_EH": "388", "UN_A3": "388", "WB_A2": "JM", "WB_A3": "JAM", "WOE_ID": 23424858, "WOE_ID_EH": 23424858, "WOE_NOTE": "Exact WOE match as country", "ADM0_ISO": "JAM", "ADM0_DIFF": null, "ADM0_TLC": "JAM", "ADM0_A3_US": "JAM", "ADM0_A3_FR": "JAM", "ADM0_A3_RU": "JAM", "ADM0_A3_ES": "JAM", "ADM0_A3_CN": "JAM", "ADM0_A3_TW": "JAM", "ADM0_A3_IN": "JAM", "ADM0_A3_NP": "JAM", "ADM0_A3_PK": "JAM", "ADM0_A3_DE": "JAM", "ADM0_A3_GB": "JAM", "ADM0_A3_BR": "JAM", "ADM0_A3_IL": "JAM", "ADM0_A3_PS": "JAM", "ADM0_A3_SA": "JAM", "ADM0_A3_EG": "JAM", "ADM0_A3_MA": "JAM", "ADM0_A3_PT": "JAM", "ADM0_A3_AR": "JAM", "ADM0_A3_JP": "JAM", "ADM0_A3_KO": "JAM", "ADM0_A3_VN": "JAM", "ADM0_A3_TR": "JAM", "ADM0_A3_ID": "JAM", "ADM0_A3_PL": "JAM", "ADM0_A3_GR": "JAM", "ADM0_A3_IT": "JAM", "ADM0_A3_NL": "JAM", "ADM0_A3_SE": "JAM", "ADM0_A3_BD": "JAM", "ADM0_A3_UA": "JAM", "ADM0_A3_UN": -99, "ADM0_A3_WB": -99, "CONTINENT": "North America", "REGION_UN": "Americas", "SUBREGION": "Caribbean", "REGION_WB": "Latin America & Caribbean", "NAME_LEN": 7, "LONG_LEN": 7, "ABBREV_LEN": 4, "TINY": -99, "HOMEPART": 1, "MIN_ZOOM": 0, "MIN_LABEL": 4, "MAX_LABEL": 9, "LABEL_X": -77.318767, "LABEL_Y": 18.137124, "NE_ID": 1159320931, "WIKIDATAID": "Q766", "NAME_AR": "\u062c\u0627\u0645\u0627\u064a\u0643\u0627", "NAME_BN": "\u099c\u09cd\u09af\u09be\u09ae\u09be\u0987\u0995\u09be", "NAME_DE": "Jamaika", "NAME_EN": "Jamaica", "NAME_ES": "Jamaica", "NAME_FA": "\u062c\u0627\u0645\u0627\u0626\u06cc\u06a9\u0627", "NAME_FR": "Jama\u00efque", "NAME_EL": "\u03a4\u03b6\u03b1\u03bc\u03ac\u03b9\u03ba\u03b1", "NAME_HE": "\u05d2'\u05de\u05d9\u05d9\u05e7\u05d4", "NAME_HI": "\u091c\u092e\u0948\u0915\u093e", "NAME_HU": "Jamaica", "NAME_ID": "Jamaika", "NAME_IT": "Giamaica", "NAME_JA": "\u30b8\u30e3\u30de\u30a4\u30ab", "NAME_KO": "\uc790\uba54\uc774\uce74", "NAME_NL": "Jamaica", "NAME_PL": "Jamajka", "NAME_PT": "Jamaica", "NAME_RU": "\u042f\u043c\u0430\u0439\u043a\u0430", "NAME_SV": "Jamaica", "NAME_TR": "Jamaika", "NAME_UK": "\u042f\u043c\u0430\u0439\u043a\u0430", "NAME_UR": "\u062c\u0645\u06cc\u06a9\u0627", "NAME_VI": "Jamaica", "NAME_ZH": "\u7259\u4e70\u52a0", "NAME_ZHT": "\u7259\u8cb7\u52a0", "FCLASS_ISO": "Admin-0 country", "TLC_DIFF": null, "FCLASS_TLC": "Admin-0 country", "FCLASS_US": null, "FCLASS_FR": null, "FCLASS_RU": null, "FCLASS_ES": null, "FCLASS_CN": null, "FCLASS_TW": null, "FCLASS_IN": null, "FCLASS_NP": null, "FCLASS_PK": null, "FCLASS_DE": null, "FCLASS_GB": null, "FCLASS_BR": null, "FCLASS_IL": null, "FCLASS_PS": null, "FCLASS_SA": null, "FCLASS_EG": null, "FCLASS_MA": null, "FCLASS_PT": null, "FCLASS_AR": null, "FCLASS_JP": null, "FCLASS_KO": null, "FCLASS_VN": null, "FCLASS_TR": null, "FCLASS_ID": null, "FCLASS_PL": null, "FCLASS_GR": null, "FCLASS_IT": null, "FCLASS_NL": null, "FCLASS_SE": null, "FCLASS_BD": null, "FCLASS_UA": null}, "bbox": [-78.337719, 17.701116, -76.199659, 18.524218], "geometry": {"type": "Polygon", "coordinates": [[[-77.569601, 18.490525], [-76.896619, 18.400867], [-76.365359, 18.160701], [-76.199659, 17.886867], [-76.902561, 17.868238], [-77.206341, 17.701116], [-77.766023, 17.861597], [-78.337719, 18.225968], [-78.217727, 18.454533], [-77.797365, 18.524218], [-77.569601, 18.490525]]]}}, {"type": "Feature", "properties": {"featurecla": "Admin-0 country", "scalerank": 1, "LABELRANK": 3, "SOVEREIGNT": "Cuba", "SOV_A3": "CU1", "ADM0_DIF": 1, "LEVEL": 1, "TYPE": "Sovereignty", "TLC": "1", "ADMIN": "Cuba", "ADM0_A3": "CUB", "GEOU_DIF": 0, "GEOUNIT": "Cuba", "GU_A3": "CUB", "SU_DIF": 0, "SUBUNIT": "Cuba", "SU_A3": "CUB", "BRK_DIFF": 0, "NAME": "Cuba", "NAME_LONG": "Cuba", "BRK_A3": "CUB", "BRK_NAME": "Cuba", "BRK_GROUP": null, "ABBREV": "Cuba", "POSTAL": "CU", "FORMAL_EN": "Republic of Cuba", "FORMAL_FR": null, "NAME_CIAWF": "Cuba", "NOTE_ADM0": null, "NOTE_BRK": null, "NAME_SORT": "Cuba", "NAME_ALT": null, "MAPCOLOR7": 3, "MAPCOLOR8": 5, "MAPCOLOR9": 3, "MAPCOLOR13": 4, "POP_EST": 11333483, "POP_RANK": 14, "POP_YEAR": 2019, "GDP_MD": 100023, "GDP_YEAR": 2018, "ECONOMY": "5. Emerging region: G20", "INCOME_GRP": "3. Upper middle income", "FIPS_10": "CU", "ISO_A2": "CU", "ISO_A2_EH": "CU", "ISO_A3": "CUB", "ISO_A3_EH": "CUB", "ISO_N3": "192", "ISO_N3_EH": "192", "UN_A3": "192", "WB_A2": "CU", "WB_A3": "CUB", "WOE_ID": 23424793, "WOE_ID_EH": 23424793, "WOE_NOTE": "Exact WOE match as country", "ADM0_ISO": "CUB", "ADM0_DIFF": null, "ADM0_TLC": "CUB", "ADM0_A3_US": "CUB", "ADM0_A3_FR": "CUB", "ADM0_A3_RU": "CUB", "ADM0_A3_ES": "CUB", "ADM0_A3_CN": "CUB", "ADM0_A3_TW": "CUB", "ADM0_A3_IN": "CUB", "ADM0_A3_NP": "CUB", "ADM0_A3_PK": "CUB", "ADM0_A3_DE": "CUB", "ADM0_A3_GB": "CUB", "ADM0_A3_BR": "CUB", "ADM0_A3_IL": "CUB", "ADM0_A3_PS": "CUB", "ADM0_A3_SA": "CUB", "ADM0_A3_EG": "CUB", "ADM0_A3_MA": "CUB", "ADM0_A3_PT": "CUB", "ADM0_A3_AR": "CUB", "ADM0_A3_JP": "CUB", "ADM0_A3_KO": "CUB", "ADM0_A3_VN": "CUB", "ADM0_A3_TR": "CUB", "ADM0_A3_ID": "CUB", "ADM0_A3_PL": "CUB", "ADM0_A3_GR": "CUB", "ADM0_A3_IT": "CUB", "ADM0_A3_NL": "CUB", "ADM0_A3_SE": "CUB", "ADM0_A3_BD": "CUB", "ADM0_A3_UA": "CUB", "ADM0_A3_UN": -99, "ADM0_A3_WB": -99, "CONTINENT": "North America", "REGION_UN": "Americas", "SUBREGION": "Caribbean", "REGION_WB": "Latin America & Caribbean", "NAME_LEN": 4, "LONG_LEN": 4, "ABBREV_LEN": 4, "TINY": -99, "HOMEPART": 1, "MIN_ZOOM": 0, "MIN_LABEL": 2.7, "MAX_LABEL": 8, "LABEL_X": -77.975855, "LABEL_Y": 21.334024, "NE_ID": 1159320527, "WIKIDATAID": "Q241", "NAME_AR": "\u0643\u0648\u0628\u0627", "NAME_BN": "\u0995\u09bf\u0989\u09ac\u09be", "NAME_DE": "Kuba", "NAME_EN": "Cuba", "NAME_ES": "Cuba", "NAME_FA": "\u06a9\u0648\u0628\u0627", "NAME_FR": "Cuba", "NAME_EL": "\u039a\u03bf\u03cd\u03b2\u03b1", "NAME_HE": "\u05e7\u05d5\u05d1\u05d4", "NAME_HI": "\u0915\u094d\u092f\u0942\u092c\u093e", "NAME_HU": "Kuba", "NAME_ID": "Kuba", "NAME_IT": "Cuba", "NAME_JA": "\u30ad\u30e5\u30fc\u30d0", "NAME_KO": "\ucfe0\ubc14", "NAME_NL": "Cuba", "NAME_PL": "Kuba", "NAME_PT": "Cuba", "NAME_RU": "\u041a\u0443\u0431\u0430", "NAME_SV": "Kuba", "NAME_TR": "K\u00fcba", "NAME_UK": "\u041a\u0443\u0431\u0430", "NAME_UR": "\u06a9\u06cc\u0648\u0628\u0627", "NAME_VI": "Cuba", "NAME_ZH": "\u53e4\u5df4", "NAME_ZHT": "\u53e4\u5df4", "FCLASS_ISO": "Admin-0 country", "TLC_DIFF": null, "FCLASS_TLC": "Admin-0 country", "FCLASS_US": null, "FCLASS_FR": null, "FCLASS_RU": null, "FCLASS_ES": null, "FCLASS_CN": null, "FCLASS_TW": null, "FCLASS_IN": null, "FCLASS_NP": null, "FCLASS_PK": null, "FCLASS_DE": null, "FCLASS_GB": null, "FCLASS_BR": null, "FCLASS_IL": null, "FCLASS_PS": null, "FCLASS_SA": null, "FCLASS_EG": null, "FCLASS_MA": null, "FCLASS_PT": null, "FCLASS_AR": null, "FCLASS_JP": null, "FCLASS_KO": null, "FCLASS_VN": null, "FCLASS_TR": null, "FCLASS_ID": null, "FCLASS_PL": null, "FCLASS_GR": null, "FCLASS_IT": null, "FCLASS_NL": null, "FCLASS_SE": null, "FCLASS_BD": null, "FCLASS_UA": null}, "bbox": [-84.974911, 19.855481, -74.178025, 23.188611], "geometry": {"type": "Polygon", "coordinates": [[[-82.268151, 23.188611], [-81.404457, 23.117271], [-80.618769, 23.10598], [-79.679524, 22.765303], [-79.281486, 22.399202], [-78.347434, 22.512166], [-77.993296, 22.277194], [-77.146422, 21.657851], [-76.523825, 21.20682], [-76.19462, 21.220565], [-75.598222, 21.016624], [-75.67106, 20.735091], [-74.933896, 20.693905], [-74.178025, 20.284628], [-74.296648, 20.050379], [-74.961595, 19.923435], [-75.63468, 19.873774], [-76.323656, 19.952891], [-77.755481, 19.855481], [-77.085108, 20.413354], [-77.492655, 20.673105], [-78.137292, 20.739949], [-78.482827, 21.028613], [-78.719867, 21.598114], [-79.285, 21.559175], [-80.217475, 21.827324], [-80.517535, 22.037079], [-81.820943, 22.192057], [-82.169992, 22.387109], [-81.795002, 22.636965], [-82.775898, 22.68815], [-83.494459, 22.168518], [-83.9088, 22.154565], [-84.052151, 21.910575], [-84.54703, 21.801228], [-84.974911, 21.896028], [-84.447062, 22.20495], [-84.230357, 22.565755], [-83.77824, 22.788118], [-83.267548, 22.983042], [-82.510436, 23.078747], [-82.268151, 23.188611]]]}}, {"type": "Feature", "properties": {"featurecla": "Admin-0 country", "scalerank": 1, "LABELRANK": 4, "SOVEREIGNT": "Paraguay", "SOV_A3": "PRY", "ADM0_DIF": 0, "LEVEL": 2, "TYPE": "Sovereign country", "TLC": "1", "ADMIN": "Paraguay", "ADM0_A3": "PRY", "GEOU_DIF": 0, "GEOUNIT": "Paraguay", "GU_A3": "PRY", "SU_DIF": 0, "SUBUNIT": "Paraguay", "SU_A3": "PRY", "BRK_DIFF": 0, "NAME": "Paraguay", "NAME_LONG": "Paraguay", "BRK_A3": "PRY", "BRK_NAME": "Paraguay", "BRK_GROUP": null, "ABBREV": "Para.", "POSTAL": "PY", "FORMAL_EN": "Republic of Paraguay", "FORMAL_FR": null, "NAME_CIAWF": "Paraguay", "NOTE_ADM0": null, "NOTE_BRK": null, "NAME_SORT": "Paraguay", "NAME_ALT": null, "MAPCOLOR7": 6, "MAPCOLOR8": 3, "MAPCOLOR9": 6, "MAPCOLOR13": 2, "POP_EST": 7044636, "POP_RANK": 13, "POP_YEAR": 2019, "GDP_MD": 38145, "GDP_YEAR": 2019, "ECONOMY": "5. Emerging region: G20", "INCOME_GRP": "4. Lower middle income", "FIPS_10": "PA", "ISO_A2": "PY", "ISO_A2_EH": "PY", "ISO_A3": "PRY", "ISO_A3_EH": "PRY", "ISO_N3": "600", "ISO_N3_EH": "600", "UN_A3": "600", "WB_A2": "PY", "WB_A3": "PRY", "WOE_ID": 23424917, "WOE_ID_EH": 23424917, "WOE_NOTE": "Exact WOE match as country", "ADM0_ISO": "PRY", "ADM0_DIFF": null, "ADM0_TLC": "PRY", "ADM0_A3_US": "PRY", "ADM0_A3_FR": "PRY", "ADM0_A3_RU": "PRY", "ADM0_A3_ES": "PRY", "ADM0_A3_CN": "PRY", "ADM0_A3_TW": "PRY", "ADM0_A3_IN": "PRY", "ADM0_A3_NP": "PRY", "ADM0_A3_PK": "PRY", "ADM0_A3_DE": "PRY", "ADM0_A3_GB": "PRY", "ADM0_A3_BR": "PRY", "ADM0_A3_IL": "PRY", "ADM0_A3_PS": "PRY", "ADM0_A3_SA": "PRY", "ADM0_A3_EG": "PRY", "ADM0_A3_MA": "PRY", "ADM0_A3_PT": "PRY", "ADM0_A3_AR": "PRY", "ADM0_A3_JP": "PRY", "ADM0_A3_KO": "PRY", "ADM0_A3_VN": "PRY", "ADM0_A3_TR": "PRY", "ADM0_A3_ID": "PRY", "ADM0_A3_PL": "PRY", "ADM0_A3_GR": "PRY", "ADM0_A3_IT": "PRY", "ADM0_A3_NL": "PRY", "ADM0_A3_SE": "PRY", "ADM0_A3_BD": "PRY", "ADM0_A3_UA": "PRY", "ADM0_A3_UN": -99, "ADM0_A3_WB": -99, "CONTINENT": "South America", "REGION_UN": "Americas", "SUBREGION": "South America", "REGION_WB": "Latin America & Caribbean", "NAME_LEN": 8, "LONG_LEN": 8, "ABBREV_LEN": 5, "TINY": -99, "HOMEPART": 1, "MIN_ZOOM": 0, "MIN_LABEL": 3, "MAX_LABEL": 8, "LABEL_X": -60.146394, "LABEL_Y": -21.674509, "NE_ID": 1159321195, "WIKIDATAID": "Q733", "NAME_AR": "\u0628\u0627\u0631\u0627\u063a\u0648\u0627\u064a", "NAME_BN": "\u09aa\u09cd\u09af\u09be\u09b0\u09be\u0997\u09c1\u09af\u09bc\u09c7", "NAME_DE": "Paraguay", "NAME_EN": "Paraguay", "NAME_ES": "Paraguay", "NAME_FA": "\u067e\u0627\u0631\u0627\u06af\u0648\u0626\u0647", "NAME_FR": "Paraguay", "NAME_EL": "\u03a0\u03b1\u03c1\u03b1\u03b3\u03bf\u03c5\u03ac\u03b7", "NAME_HE": "\u05e4\u05e8\u05d2\u05d5\u05d5\u05d0\u05d9", "NAME_HI": "\u092a\u0948\u0930\u093e\u0917\u094d\u0935\u0947", "NAME_HU": "Paraguay", "NAME_ID": "Paraguay", "NAME_IT": "Paraguay", "NAME_JA": "\u30d1\u30e9\u30b0\u30a2\u30a4", "NAME_KO": "\ud30c\ub77c\uacfc\uc774", "NAME_NL": "Paraguay", "NAME_PL": "Paragwaj", "NAME_PT": "Paraguai", "NAME_RU": "\u041f\u0430\u0440\u0430\u0433\u0432\u0430\u0439", "NAME_SV": "Paraguay", "NAME_TR": "Paraguay", "NAME_UK": "\u041f\u0430\u0440\u0430\u0433\u0432\u0430\u0439", "NAME_UR": "\u067e\u06cc\u0631\u0627\u06af\u0648\u0626\u06d2", "NAME_VI": "Paraguay", "NAME_ZH": "\u5df4\u62c9\u572d", "NAME_ZHT": "\u5df4\u62c9\u572d", "FCLASS_ISO": "Admin-0 country", "TLC_DIFF": null, "FCLASS_TLC": "Admin-0 country", "FCLASS_US": null, "FCLASS_FR": null, "FCLASS_RU": null, "FCLASS_ES": null, "FCLASS_CN": null, "FCLASS_TW": null, "FCLASS_IN": null, "FCLASS_NP": null, "FCLASS_PK": null, "FCLASS_DE": null, "FCLASS_GB": null, "FCLASS_BR": null, "FCLASS_IL": null, "FCLASS_PS": null, "FCLASS_SA": null, "FCLASS_EG": null, "FCLASS_MA": null, "FCLASS_PT": null, "FCLASS_AR": null, "FCLASS_JP": null, "FCLASS_KO": null, "FCLASS_VN": null, "FCLASS_TR": null, "FCLASS_ID": null, "FCLASS_PL": null, "FCLASS_GR": null, "FCLASS_IT": null, "FCLASS_NL": null, "FCLASS_SE": null, "FCLASS_BD": null, "FCLASS_UA": null}, "bbox": [-62.685057, -27.548499, -54.29296, -19.342747], "geometry": {"type": "Polygon", "coordinates": [[[-58.166392, -20.176701], [-57.870674, -20.732688], [-57.937156, -22.090176], [-56.88151, -22.282154], [-56.473317, -22.0863], [-55.797958, -22.35693], [-55.610683, -22.655619], [-55.517639, -23.571998], [-55.400747, -23.956935], [-55.027902, -24.001274], [-54.652834, -23.839578], [-54.29296, -24.021014], [-54.293476, -24.5708], [-54.428946, -25.162185], [-54.625291, -25.739255], [-54.788795, -26.621786], [-55.695846, -27.387837], [-56.486702, -27.548499], [-57.60976, -27.395899], [-58.618174, -27.123719], [-57.63366, -25.603657], [-57.777217, -25.16234], [-58.807128, -24.771459], [-60.028966, -24.032796], [-60.846565, -23.880713], [-62.685057, -22.249029], [-62.291179, -21.051635], [-62.265961, -20.513735], [-61.786326, -19.633737], [-60.043565, -19.342747], [-59.115042, -19.356906], [-58.183471, -19.868399], [-58.166392, -20.176701]]]}}, {"type": "Feature", "properties": {"featurecla": "Admin-0 country", "scalerank": 1, "LABELRANK": 5, "SOVEREIGNT": "Trinidad and Tobago", "SOV_A3": "TTO", "ADM0_DIF": 0, "LEVEL": 2, "TYPE": "Sovereign country", "TLC": "1", "ADMIN": "Trinidad and Tobago", "ADM0_A3": "TTO", "GEOU_DIF": 0, "GEOUNIT": "Trinidad and Tobago", "GU_A3": "TTO", "SU_DIF": 0, "SUBUNIT": "Trinidad and Tobago", "SU_A3": "TTO", "BRK_DIFF": 0, "NAME": "Trinidad and Tobago", "NAME_LONG": "Trinidad and Tobago", "BRK_A3": "TTO", "BRK_NAME": "Trinidad and Tobago", "BRK_GROUP": null, "ABBREV": "Tr.T.", "POSTAL": "TT", "FORMAL_EN": "Republic of Trinidad and Tobago", "FORMAL_FR": null, "NAME_CIAWF": "Trinidad and Tobago", "NOTE_ADM0": null, "NOTE_BRK": null, "NAME_SORT": "Trinidad and Tobago", "NAME_ALT": null, "MAPCOLOR7": 5, "MAPCOLOR8": 6, "MAPCOLOR9": 2, "MAPCOLOR13": 5, "POP_EST": 1394973, "POP_RANK": 12, "POP_YEAR": 2019, "GDP_MD": 24269, "GDP_YEAR": 2019, "ECONOMY": "6. Developing region", "INCOME_GRP": "2. High income: nonOECD", "FIPS_10": "TD", "ISO_A2": "TT", "ISO_A2_EH": "TT", "ISO_A3": "TTO", "ISO_A3_EH": "TTO", "ISO_N3": "780", "ISO_N3_EH": "780", "UN_A3": "780", "WB_A2": "TT", "WB_A3": "TTO", "WOE_ID": 23424958, "WOE_ID_EH": 23424958, "WOE_NOTE": "Exact WOE match as country", "ADM0_ISO": "TTO", "ADM0_DIFF": null, "ADM0_TLC": "TTO", "ADM0_A3_US": "TTO", "ADM0_A3_FR": "TTO", "ADM0_A3_RU": "TTO", "ADM0_A3_ES": "TTO", "ADM0_A3_CN": "TTO", "ADM0_A3_TW": "TTO", "ADM0_A3_IN": "TTO", "ADM0_A3_NP": "TTO", "ADM0_A3_PK": "TTO", "ADM0_A3_DE": "TTO", "ADM0_A3_GB": "TTO", "ADM0_A3_BR": "TTO", "ADM0_A3_IL": "TTO", "ADM0_A3_PS": "TTO", "ADM0_A3_SA": "TTO", "ADM0_A3_EG": "TTO", "ADM0_A3_MA": "TTO", "ADM0_A3_PT": "TTO", "ADM0_A3_AR": "TTO", "ADM0_A3_JP": "TTO", "ADM0_A3_KO": "TTO", "ADM0_A3_VN": "TTO", "ADM0_A3_TR": "TTO", "ADM0_A3_ID": "TTO", "ADM0_A3_PL": "TTO", "ADM0_A3_GR": "TTO", "ADM0_A3_IT": "TTO", "ADM0_A3_NL": "TTO", "ADM0_A3_SE": "TTO", "ADM0_A3_BD": "TTO", "ADM0_A3_UA": "TTO", "ADM0_A3_UN": -99, "ADM0_A3_WB": -99, "CONTINENT": "North America", "REGION_UN": "Americas", "SUBREGION": "Caribbean", "REGION_WB": "Latin America & Caribbean", "NAME_LEN": 19, "LONG_LEN": 19, "ABBREV_LEN": 5, "TINY": 2, "HOMEPART": 1, "MIN_ZOOM": 0, "MIN_LABEL": 4.5, "MAX_LABEL": 9.5, "LABEL_X": -60.9184, "LABEL_Y": 10.9989, "NE_ID": 1159321321, "WIKIDATAID": "Q754", "NAME_AR": "\u062a\u0631\u064a\u0646\u064a\u062f\u0627\u062f \u0648\u062a\u0648\u0628\u0627\u063a\u0648", "NAME_BN": "\u09a4\u09cd\u09b0\u09bf\u09a8\u09bf\u09a6\u09be\u09a6 \u0993 \u099f\u09cb\u09ac\u09be\u0997\u09cb", "NAME_DE": "Trinidad und Tobago", "NAME_EN": "Trinidad and Tobago", "NAME_ES": "Trinidad y Tobago", "NAME_FA": "\u062a\u0631\u06cc\u0646\u06cc\u062f\u0627\u062f \u0648 \u062a\u0648\u0628\u0627\u06af\u0648", "NAME_FR": "Trinit\u00e9-et-Tobago", "NAME_EL": "\u03a4\u03c1\u03b9\u03bd\u03b9\u03bd\u03c4\u03ac\u03bd\u03c4 \u03ba\u03b1\u03b9 \u03a4\u03bf\u03bc\u03c0\u03ac\u03b3\u03ba\u03bf", "NAME_HE": "\u05d8\u05e8\u05d9\u05e0\u05d9\u05d3\u05d3 \u05d5\u05d8\u05d5\u05d1\u05d2\u05d5", "NAME_HI": "\u0924\u094d\u0930\u093f\u0928\u093f\u0926\u093e\u0926 \u0914\u0930 \u091f\u094b\u092c\u0948\u0917\u094b", "NAME_HU": "Trinidad \u00e9s Tobago", "NAME_ID": "Trinidad dan Tobago", "NAME_IT": "Trinidad e Tobago", "NAME_JA": "\u30c8\u30ea\u30cb\u30c0\u30fc\u30c9\u30fb\u30c8\u30d0\u30b4", "NAME_KO": "\ud2b8\ub9ac\ub2c8\ub2e4\ub4dc \ud1a0\ubc14\uace0", "NAME_NL": "Trinidad en Tobago", "NAME_PL": "Trynidad i Tobago", "NAME_PT": "Trinidad e Tobago", "NAME_RU": "\u0422\u0440\u0438\u043d\u0438\u0434\u0430\u0434 \u0438 \u0422\u043e\u0431\u0430\u0433\u043e", "NAME_SV": "Trinidad och Tobago", "NAME_TR": "Trinidad ve Tobago", "NAME_UK": "\u0422\u0440\u0438\u043d\u0456\u0434\u0430\u0434 \u0456 \u0422\u043e\u0431\u0430\u0433\u043e", "NAME_UR": "\u0679\u0631\u06cc\u0646\u06cc\u0688\u0627\u0688 \u0648 \u0679\u0648\u0628\u0627\u06af\u0648", "NAME_VI": "Trinidad v\u00e0 Tobago", "NAME_ZH": "\u7279\u7acb\u5c3c\u8fbe\u548c\u591a\u5df4\u54e5", "NAME_ZHT": "\u5343\u91cc\u9054\u53ca\u6258\u5df4\u54e5", "FCLASS_ISO": "Admin-0 country", "TLC_DIFF": null, "FCLASS_TLC": "Admin-0 country", "FCLASS_US": null, "FCLASS_FR": null, "FCLASS_RU": null, "FCLASS_ES": null, "FCLASS_CN": null, "FCLASS_TW": null, "FCLASS_IN": null, "FCLASS_NP": null, "FCLASS_PK": null, "FCLASS_DE": null, "FCLASS_GB": null, "FCLASS_BR": null, "FCLASS_IL": null, "FCLASS_PS": null, "FCLASS_SA": null, "FCLASS_EG": null, "FCLASS_MA": null, "FCLASS_PT": null, "FCLASS_AR": null, "FCLASS_JP": null, "FCLASS_KO": null, "FCLASS_VN": null, "FCLASS_TR": null, "FCLASS_ID": null, "FCLASS_PL": null, "FCLASS_GR": null, "FCLASS_IT": null, "FCLASS_NL": null, "FCLASS_SE": null, "FCLASS_BD": null, "FCLASS_UA": null}, "bbox": [-61.95, 10, -60.895, 10.89], "geometry": {"type": "Polygon", "coordinates": [[[-61.68, 10.76], [-61.105, 10.89], [-60.895, 10.855], [-60.935, 10.11], [-61.77, 10], [-61.95, 10.09], [-61.66, 10.365], [-61.68, 10.76]]]}}]}